{
    "neurones": [
        {
            "name": "stream0~2-3",
            "potential": 0.2621440000000001,
            "fsynapses": [
                "CMP(stream0~2-3,stream2~2-3)"
            ],
            "rsynapses": [],
            "lastspike": 2,
            "occurs": 3,
            "refractory": 1,
            "level": 0
        },
        {
            "name": "stream2~2-3",
            "potential": 0.2621440000000001,
            "fsynapses": [
                "CMP(stream0~2-3,stream2~2-3)"
            ],
            "rsynapses": [],
            "lastspike": 2,
            "occurs": 3,
            "refractory": 1,
            "level": 0
        },
        {
            "name": "CMP(stream0~2-3,stream2~2-3)",
            "potential": 0.0,
            "fsynapses": [],
            "rsynapses": [
                "stream0~2-3",
                "stream2~2-3"
            ],
            "lastspike": 2,
            "occurs": 1,
            "refractory": 0,
            "level": 1
        },
        {
            "name": "stream1~2-3",
            "potential": 0.32768000000000014,
            "fsynapses": [
                "CMP(stream1~2-3,stream3~2-3)"
            ],
            "rsynapses": [],
            "lastspike": 3,
            "occurs": 3,
            "refractory": 2,
            "level": 0
        },
        {
            "name": "stream3~2-3",
            "potential": 0.5120000000000001,
            "fsynapses": [
                "CMP(stream1~2-3,stream3~2-3)",
                "CMP(stream3~2-3,stream4~2-3)"
            ],
            "rsynapses": [],
            "lastspike": 5,
            "occurs": 3,
            "refractory": 4,
            "level": 0
        },
        {
            "name": "CMP(stream1~2-3,stream3~2-3)",
            "potential": 0.10240000000000003,
            "fsynapses": [],
            "rsynapses": [
                "stream1~2-3",
                "stream3~2-3"
            ],
            "lastspike": 5,
            "occurs": 1,
            "refractory": 0,
            "level": 1
        },
        {
            "name": "stream4~2-3",
            "potential": 0.6400000000000001,
            "fsynapses": [
                "CMP(stream3~2-3,stream4~2-3)"
            ],
            "rsynapses": [],
            "lastspike": 6,
            "occurs": 3,
            "refractory": 5,
            "level": 0
        },
        {
            "name": "CMP(stream3~2-3,stream4~2-3)",
            "potential": 0.16000000000000003,
            "fsynapses": [],
            "rsynapses": [
                "stream3~2-3",
                "stream4~2-3"
            ],
            "lastspike": 7,
            "occurs": 1,
            "refractory": 0,
            "level": 1
        },
        {
            "name": "stream5~2-3",
            "potential": 1.0,
            "fsynapses": [],
            "rsynapses": [],
            "lastspike": 8,
            "occurs": 3,
            "refractory": 7,
            "level": 0
        }
    ],
    "synapses": [
        {
            "fref": "CMP(stream0~2-3,stream2~2-3)",
            "rref": "stream0~2-3",
            "wgt": 0.6604300000000001,
            "occurs": 0,
            "lastspike": ""
        },
        {
            "fref": "CMP(stream0~2-3,stream2~2-3)",
            "rref": "stream2~2-3",
            "wgt": 0.6604300000000001,
            "occurs": 0,
            "lastspike": ""
        },
        {
            "fref": "CMP(stream1~2-3,stream3~2-3)",
            "rref": "stream1~2-3",
            "wgt": 0.307,
            "occurs": 0,
            "lastspike": ""
        },
        {
            "fref": "CMP(stream1~2-3,stream3~2-3)",
            "rref": "stream3~2-3",
            "wgt": 0.307,
            "occurs": 0,
            "lastspike": ""
        },
        {
            "fref": "CMP(stream3~2-3,stream4~2-3)",
            "rref": "stream3~2-3",
            "wgt": 0.307,
            "occurs": 0,
            "lastspike": ""
        },
        {
            "fref": "CMP(stream3~2-3,stream4~2-3)",
            "rref": "stream4~2-3",
            "wgt": 0.307,
            "occurs": 0,
            "lastspike": ""
        }
    ],
    "npruned": [],
    "spruned": [],
    "params": {
        "BindingCount": 2,
        "PropagationLevels": 4,
        "PruneInterval": 30,
        "PruningThreshold": 0.2,
        "BindingThreshold": 0.5,
        "DownPotentialFactor": 0.2,
        "FiringThreshold": 0.25,
        "ZeroingThreshold": 0.1,
        "DecayFactor": 0.8,
        "InitialPotential": 0.2,
        "ReinforcementRate": 0.3,
        "RefractoryPeriod": 7,
        "PostSpikeFactor": 1.0,
        "DefaultEncoderCeiling": 1024,
        "DefaultEncoderFloor": 0,
        "DefaultEncoderResolution": 2,
        "TraceLength": 60
    },
    "tick": 9
}