{
    "neurones": [
        {
            "name": "S0~0-1",
            "potential": 0.59404,
            "fsynapses": [
                "CMP(S0~0-1,S1~0-1)",
                "CMP(CMP(S1~0-1,S2~0-1),S0~0-1)"
            ],
            "rsynapses": [],
            "lastspike": 11,
            "occurs": 5,
            "refractory": 6,
            "level": 0
        },
        {
            "name": "S1~0-1",
            "potential": 0.5910698,
            "fsynapses": [
                "CMP(S0~0-1,S1~0-1)",
                "CMP(S1~0-1,S2~0-1)"
            ],
            "rsynapses": [],
            "lastspike": 10,
            "occurs": 5,
            "refractory": 6,
            "level": 0
        },
        {
            "name": "CMP(S0~0-1,S1~0-1)",
            "potential": 0.995,
            "fsynapses": [
                "CMP(CMP(S0~0-1,S1~0-1),CMP(S1~0-1,S2~0-1))",
                "CMP(CMP(CMP(S0~0-1,S1~0-1),CMP(S1~0-1,S2~0-1)),CMP(S0~0-1,S1~0-1))"
            ],
            "rsynapses": [
                "S0~0-1",
                "S1~0-1"
            ],
            "lastspike": 3,
            "occurs": 2,
            "refractory": 7,
            "level": 1
        },
        {
            "name": "S2~0-1",
            "potential": 0.8,
            "fsynapses": [
                "CMP(S1~0-1,S2~0-1)",
                "CMP(S2~0-1,S4~0-1)"
            ],
            "rsynapses": [],
            "lastspike": 12,
            "occurs": 4,
            "refractory": 0,
            "level": 0
        },
        {
            "name": "S4~0-1",
            "potential": 0.2621440000000001,
            "fsynapses": [
                "CMP(S2~0-1,S4~0-1)"
            ],
            "rsynapses": [],
            "lastspike": 6,
            "occurs": 3,
            "refractory": 1,
            "level": 0
        },
        {
            "name": "CMP(S1~0-1,S2~0-1)",
            "potential": 0.995,
            "fsynapses": [
                "CMP(CMP(S0~0-1,S1~0-1),CMP(S1~0-1,S2~0-1))",
                "CMP(CMP(S1~0-1,S2~0-1),S0~0-1)"
            ],
            "rsynapses": [
                "S1~0-1",
                "S2~0-1"
            ],
            "lastspike": 6,
            "occurs": 2,
            "refractory": 7,
            "level": 1
        },
        {
            "name": "CMP(S2~0-1,S4~0-1)",
            "potential": 0.06553600000000002,
            "fsynapses": [],
            "rsynapses": [
                "S2~0-1",
                "S4~0-1"
            ],
            "lastspike": 7,
            "occurs": 1,
            "refractory": 0,
            "level": 1
        },
        {
            "name": "CMP(CMP(S0~0-1,S1~0-1),CMP(S1~0-1,S2~0-1))",
            "potential": 0.995,
            "fsynapses": [
                "CMP(CMP(CMP(S0~0-1,S1~0-1),CMP(S1~0-1,S2~0-1)),CMP(S0~0-1,S1~0-1))"
            ],
            "rsynapses": [
                "CMP(S0~0-1,S1~0-1)",
                "CMP(S1~0-1,S2~0-1)"
            ],
            "lastspike": 11,
            "occurs": 1,
            "refractory": 0,
            "level": 2
        },
        {
            "name": "CMP(CMP(CMP(S0~0-1,S1~0-1),CMP(S1~0-1,S2~0-1)),CMP(S0~0-1,S1~0-1))",
            "potential": 0.2,
            "fsynapses": [],
            "rsynapses": [
                "CMP(CMP(S0~0-1,S1~0-1),CMP(S1~0-1,S2~0-1))",
                "CMP(S0~0-1,S1~0-1)"
            ],
            "lastspike": 12,
            "occurs": 1,
            "refractory": 0,
            "level": 3
        },
        {
            "name": "CMP(CMP(S1~0-1,S2~0-1),S0~0-1)",
            "potential": 0.2,
            "fsynapses": [],
            "rsynapses": [
                "CMP(S1~0-1,S2~0-1)",
                "S0~0-1"
            ],
            "lastspike": 12,
            "occurs": 1,
            "refractory": 0,
            "level": 2
        }
    ],
    "synapses": [
        {
            "fref": "CMP(S0~0-1,S1~0-1)",
            "rref": "S0~0-1",
            "wgt": 0.6604300000000001,
            "occurs": 1,
            "lastspike": 11
        },
        {
            "fref": "CMP(S0~0-1,S1~0-1)",
            "rref": "S1~0-1",
            "wgt": 0.6604300000000001,
            "occurs": 1,
            "lastspike": 11
        },
        {
            "fref": "CMP(S1~0-1,S2~0-1)",
            "rref": "S1~0-1",
            "wgt": 0.307,
            "occurs": 1,
            "lastspike": 11
        },
        {
            "fref": "CMP(S1~0-1,S2~0-1)",
            "rref": "S2~0-1",
            "wgt": 0.307,
            "occurs": 0,
            "lastspike": ""
        },
        {
            "fref": "CMP(S2~0-1,S4~0-1)",
            "rref": "S2~0-1",
            "wgt": 0.307,
            "occurs": 0,
            "lastspike": ""
        },
        {
            "fref": "CMP(S2~0-1,S4~0-1)",
            "rref": "S4~0-1",
            "wgt": 0.307,
            "occurs": 0,
            "lastspike": ""
        },
        {
            "fref": "CMP(CMP(S0~0-1,S1~0-1),CMP(S1~0-1,S2~0-1))",
            "rref": "CMP(S0~0-1,S1~0-1)",
            "wgt": 0.01,
            "occurs": 1,
            "lastspike": 12
        },
        {
            "fref": "CMP(CMP(S0~0-1,S1~0-1),CMP(S1~0-1,S2~0-1))",
            "rref": "CMP(S1~0-1,S2~0-1)",
            "wgt": 0.01,
            "occurs": 1,
            "lastspike": 12
        },
        {
            "fref": "CMP(CMP(CMP(S0~0-1,S1~0-1),CMP(S1~0-1,S2~0-1)),CMP(S0~0-1,S1~0-1))",
            "rref": "CMP(CMP(S0~0-1,S1~0-1),CMP(S1~0-1,S2~0-1))",
            "wgt": 0.01,
            "occurs": 0,
            "lastspike": ""
        },
        {
            "fref": "CMP(CMP(CMP(S0~0-1,S1~0-1),CMP(S1~0-1,S2~0-1)),CMP(S0~0-1,S1~0-1))",
            "rref": "CMP(S0~0-1,S1~0-1)",
            "wgt": 0.01,
            "occurs": 0,
            "lastspike": ""
        },
        {
            "fref": "CMP(CMP(S1~0-1,S2~0-1),S0~0-1)",
            "rref": "CMP(S1~0-1,S2~0-1)",
            "wgt": 0.01,
            "occurs": 0,
            "lastspike": ""
        },
        {
            "fref": "CMP(CMP(S1~0-1,S2~0-1),S0~0-1)",
            "rref": "S0~0-1",
            "wgt": 0.01,
            "occurs": 0,
            "lastspike": ""
        }
    ],
    "npruned": [],
    "spruned": [],
    "params": {
        "BindingCount": 2,
        "PropagationLevels": 4,
        "PruneInterval": 30,
        "PruningThreshold": 0.2,
        "BindingThreshold": 0.5,
        "DownPotentialFactor": 0.2,
        "FiringThreshold": 0.25,
        "ZeroingThreshold": 0.05,
        "DecayFactor": 0.8,
        "InitialPotential": 0.2,
        "ReinforcementRate": 0.3,
        "RefractoryPeriod": 7,
        "PostSpikeFactor": 1.0,
        "DefaultEncoderCeiling": 1024,
        "DefaultEncoderFloor": 0,
        "DefaultEncoderResolution": 2,
        "TraceLength": 60
    },
    "tick": 13
}