{
    "neurones": [
        {
            "name": "S0~0-1",
            "potential": 0.21728588419072004,
            "fsynapses": [
                "CMP(S0~0-1,S1~0-1)",
                "CMP(CMP(S1~0-1,S2~0-1),S0~0-1)",
                "CMP(CMP(S0~0-1,S1~0-1),S0~0-1)",
                "CMP(CMP(S2~0-1,S3~0-1),S0~0-1)"
            ],
            "rsynapses": [],
            "lastspike": 35,
            "occurs": 9,
            "refractory": 2,
            "level": 0
        },
        {
            "name": "S1~0-1",
            "potential": 0.29029017728,
            "fsynapses": [
                "CMP(S0~0-1,S1~0-1)",
                "CMP(S1~0-1,S2~0-1)",
                "CMP(CMP(S1~0-1,S2~0-1),S1~0-1)"
            ],
            "rsynapses": [],
            "lastspike": 37,
            "occurs": 9,
            "refractory": 4,
            "level": 0
        },
        {
            "name": "CMP(S0~0-1,S1~0-1)",
            "potential": 0.34292992,
            "fsynapses": [
                "CMP(CMP(S0~0-1,S1~0-1),CMP(S1~0-1,S2~0-1))",
                "CMP(CMP(CMP(S0~0-1,S1~0-1),CMP(S1~0-1,S2~0-1)),CMP(S0~0-1,S1~0-1))",
                "CMP(CMP(CMP(S1~0-1,S2~0-1),S0~0-1),CMP(S0~0-1,S1~0-1))",
                "CMP(CMP(S0~0-1,S1~0-1),S0~0-1)",
                "CMP(CMP(CMP(S2~0-1,S3~0-1),S3~0-1),CMP(S0~0-1,S1~0-1))"
            ],
            "rsynapses": [
                "S0~0-1",
                "S1~0-1"
            ],
            "lastspike": 3,
            "occurs": 4,
            "refractory": 3,
            "level": 1
        },
        {
            "name": "S2~0-1",
            "potential": 0.45175518006302007,
            "fsynapses": [
                "CMP(S1~0-1,S2~0-1)",
                "CMP(S2~0-1,S4~0-1)",
                "CMP(S2~0-1,S3~0-1)",
                "CMP(CMP(S2~0-1,S4~0-1),S2~0-1)",
                "CMP(CMP(S2~0-1,S3~0-1),S2~0-1)"
            ],
            "rsynapses": [],
            "lastspike": 38,
            "occurs": 9,
            "refractory": 5,
            "level": 0
        },
        {
            "name": "S4~0-1",
            "potential": 0.0,
            "fsynapses": [
                "CMP(S2~0-1,S4~0-1)"
            ],
            "rsynapses": [],
            "lastspike": 6,
            "occurs": 3,
            "refractory": 0,
            "level": 0
        },
        {
            "name": "CMP(S1~0-1,S2~0-1)",
            "potential": 0.54176,
            "fsynapses": [
                "CMP(CMP(S0~0-1,S1~0-1),CMP(S1~0-1,S2~0-1))",
                "CMP(CMP(S1~0-1,S2~0-1),S0~0-1)",
                "CMP(CMP(S1~0-1,S2~0-1),CMP(S2~0-1,S4~0-1))",
                "CMP(CMP(S1~0-1,S2~0-1),S1~0-1)",
                "CMP(CMP(CMP(S1~0-1,S2~0-1),S1~0-1),CMP(S1~0-1,S2~0-1))"
            ],
            "rsynapses": [
                "S1~0-1",
                "S2~0-1"
            ],
            "lastspike": 6,
            "occurs": 4,
            "refractory": 5,
            "level": 1
        },
        {
            "name": "CMP(S2~0-1,S4~0-1)",
            "potential": 0.3801241749730023,
            "fsynapses": [
                "CMP(CMP(S1~0-1,S2~0-1),CMP(S2~0-1,S4~0-1))",
                "CMP(CMP(S2~0-1,S4~0-1),S2~0-1)",
                "CMP(CMP(S2~0-1,S4~0-1),S3~0-1)",
                "CMP(CMP(CMP(S1~0-1,S2~0-1),CMP(S2~0-1,S4~0-1)),CMP(S2~0-1,S4~0-1))",
                "CMP(CMP(S2~0-1,S3~0-1),CMP(S2~0-1,S4~0-1))"
            ],
            "rsynapses": [
                "S2~0-1",
                "S4~0-1"
            ],
            "lastspike": 7,
            "occurs": 4,
            "refractory": 6,
            "level": 1
        },
        {
            "name": "CMP(CMP(S0~0-1,S1~0-1),CMP(S1~0-1,S2~0-1))",
            "potential": 0.3960636800000001,
            "fsynapses": [
                "CMP(CMP(CMP(S0~0-1,S1~0-1),CMP(S1~0-1,S2~0-1)),CMP(S0~0-1,S1~0-1))",
                "CMP(CMP(CMP(S0~0-1,S1~0-1),CMP(S1~0-1,S2~0-1)),CMP(CMP(S1~0-1,S2~0-1),CMP(S2~0-1,S4~0-1)))",
                "CMP(CMP(CMP(S0~0-1,S1~0-1),CMP(S1~0-1,S2~0-1)),CMP(CMP(S1~0-1,S2~0-1),S0~0-1))"
            ],
            "rsynapses": [
                "CMP(S0~0-1,S1~0-1)",
                "CMP(S1~0-1,S2~0-1)"
            ],
            "lastspike": 11,
            "occurs": 4,
            "refractory": 4,
            "level": 2
        },
        {
            "name": "CMP(CMP(CMP(S0~0-1,S1~0-1),CMP(S1~0-1,S2~0-1)),CMP(S0~0-1,S1~0-1))",
            "potential": 0.433408,
            "fsynapses": [],
            "rsynapses": [
                "CMP(CMP(S0~0-1,S1~0-1),CMP(S1~0-1,S2~0-1))",
                "CMP(S0~0-1,S1~0-1)"
            ],
            "lastspike": 12,
            "occurs": 4,
            "refractory": 4,
            "level": 3
        },
        {
            "name": "CMP(CMP(S1~0-1,S2~0-1),S0~0-1)",
            "potential": 0.3940833616000001,
            "fsynapses": [
                "CMP(CMP(CMP(S1~0-1,S2~0-1),S0~0-1),CMP(S0~0-1,S1~0-1))",
                "CMP(CMP(CMP(S0~0-1,S1~0-1),CMP(S1~0-1,S2~0-1)),CMP(CMP(S1~0-1,S2~0-1),S0~0-1))",
                "CMP(CMP(CMP(S0~0-1,S1~0-1),S0~0-1),CMP(CMP(S1~0-1,S2~0-1),S0~0-1))",
                "CMP(CMP(CMP(S1~0-1,S2~0-1),S0~0-1),CMP(CMP(S2~0-1,S3~0-1),S2~0-1))"
            ],
            "rsynapses": [
                "CMP(S1~0-1,S2~0-1)",
                "S0~0-1"
            ],
            "lastspike": 12,
            "occurs": 3,
            "refractory": 3,
            "level": 2
        },
        {
            "name": "S3~0-1",
            "potential": 0.057880181871738906,
            "fsynapses": [
                "CMP(S2~0-1,S3~0-1)",
                "CMP(CMP(S2~0-1,S4~0-1),S3~0-1)",
                "CMP(CMP(S2~0-1,S3~0-1),S3~0-1)"
            ],
            "rsynapses": [],
            "lastspike": 28,
            "occurs": 5,
            "refractory": 0,
            "level": 0
        },
        {
            "name": "CMP(CMP(S1~0-1,S2~0-1),CMP(S2~0-1,S4~0-1))",
            "potential": 0.535828,
            "fsynapses": [
                "CMP(CMP(CMP(S0~0-1,S1~0-1),CMP(S1~0-1,S2~0-1)),CMP(CMP(S1~0-1,S2~0-1),CMP(S2~0-1,S4~0-1)))",
                "CMP(CMP(CMP(S1~0-1,S2~0-1),CMP(S2~0-1,S4~0-1)),CMP(S2~0-1,S4~0-1))",
                "CMP(CMP(CMP(S1~0-1,S2~0-1),CMP(S2~0-1,S4~0-1)),CMP(CMP(S2~0-1,S4~0-1),S2~0-1))"
            ],
            "rsynapses": [
                "CMP(S1~0-1,S2~0-1)",
                "CMP(S2~0-1,S4~0-1)"
            ],
            "lastspike": 13,
            "occurs": 4,
            "refractory": 6,
            "level": 2
        },
        {
            "name": "CMP(S2~0-1,S3~0-1)",
            "potential": 0.45630684080000006,
            "fsynapses": [
                "CMP(CMP(S2~0-1,S3~0-1),CMP(S2~0-1,S4~0-1))",
                "CMP(CMP(S2~0-1,S3~0-1),S2~0-1)",
                "CMP(CMP(S2~0-1,S3~0-1),S3~0-1)",
                "CMP(CMP(CMP(S2~0-1,S3~0-1),S3~0-1),CMP(S2~0-1,S3~0-1))",
                "CMP(CMP(S2~0-1,S3~0-1),S0~0-1)"
            ],
            "rsynapses": [
                "S2~0-1",
                "S3~0-1"
            ],
            "lastspike": 13,
            "occurs": 3,
            "refractory": 1,
            "level": 1
        },
        {
            "name": "CMP(CMP(CMP(S0~0-1,S1~0-1),CMP(S1~0-1,S2~0-1)),CMP(CMP(S1~0-1,S2~0-1),CMP(S2~0-1,S4~0-1)))",
            "potential": 0.59404,
            "fsynapses": [],
            "rsynapses": [
                "CMP(CMP(S0~0-1,S1~0-1),CMP(S1~0-1,S2~0-1))",
                "CMP(CMP(S1~0-1,S2~0-1),CMP(S2~0-1,S4~0-1))"
            ],
            "lastspike": 14,
            "occurs": 4,
            "refractory": 5,
            "level": 3
        },
        {
            "name": "CMP(CMP(S2~0-1,S4~0-1),S2~0-1)",
            "potential": 0.5331488600000001,
            "fsynapses": [
                "CMP(CMP(CMP(S1~0-1,S2~0-1),CMP(S2~0-1,S4~0-1)),CMP(CMP(S2~0-1,S4~0-1),S2~0-1))",
                "CMP(CMP(CMP(S2~0-1,S3~0-1),S2~0-1),CMP(CMP(S2~0-1,S4~0-1),S2~0-1))"
            ],
            "rsynapses": [
                "CMP(S2~0-1,S4~0-1)",
                "S2~0-1"
            ],
            "lastspike": 14,
            "occurs": 3,
            "refractory": 6,
            "level": 2
        },
        {
            "name": "CMP(CMP(S2~0-1,S4~0-1),S3~0-1)",
            "potential": 0.6157552525000001,
            "fsynapses": [
                "CMP(CMP(CMP(S2~0-1,S3~0-1),CMP(S2~0-1,S4~0-1)),CMP(CMP(S2~0-1,S4~0-1),S3~0-1))",
                "CMP(CMP(CMP(S2~0-1,S3~0-1),S2~0-1),CMP(CMP(S2~0-1,S4~0-1),S3~0-1))",
                "CMP(CMP(CMP(S1~0-1,S2~0-1),S1~0-1),CMP(CMP(S2~0-1,S4~0-1),S3~0-1))"
            ],
            "rsynapses": [
                "CMP(S2~0-1,S4~0-1)",
                "S3~0-1"
            ],
            "lastspike": 15,
            "occurs": 3,
            "refractory": 7,
            "level": 2
        },
        {
            "name": "CMP(CMP(CMP(S1~0-1,S2~0-1),CMP(S2~0-1,S4~0-1)),CMP(S2~0-1,S4~0-1))",
            "potential": 1.0,
            "fsynapses": [],
            "rsynapses": [
                "CMP(CMP(S1~0-1,S2~0-1),CMP(S2~0-1,S4~0-1))",
                "CMP(S2~0-1,S4~0-1)"
            ],
            "lastspike": 17,
            "occurs": 3,
            "refractory": 7,
            "level": 3
        },
        {
            "name": "CMP(CMP(CMP(S1~0-1,S2~0-1),S0~0-1),CMP(S0~0-1,S1~0-1))",
            "potential": 0.5120000000000001,
            "fsynapses": [],
            "rsynapses": [
                "CMP(CMP(S1~0-1,S2~0-1),S0~0-1)",
                "CMP(S0~0-1,S1~0-1)"
            ],
            "lastspike": 22,
            "occurs": 3,
            "refractory": 4,
            "level": 3
        },
        {
            "name": "CMP(CMP(CMP(S0~0-1,S1~0-1),CMP(S1~0-1,S2~0-1)),CMP(CMP(S1~0-1,S2~0-1),S0~0-1))",
            "potential": 0.19916254635748487,
            "fsynapses": [],
            "rsynapses": [
                "CMP(CMP(S0~0-1,S1~0-1),CMP(S1~0-1,S2~0-1))",
                "CMP(CMP(S1~0-1,S2~0-1),S0~0-1)"
            ],
            "lastspike": 23,
            "occurs": 3,
            "refractory": 4,
            "level": 3
        },
        {
            "name": "CMP(CMP(S0~0-1,S1~0-1),S0~0-1)",
            "potential": 0.21243110897051395,
            "fsynapses": [
                "CMP(CMP(CMP(S0~0-1,S1~0-1),S0~0-1),CMP(CMP(S1~0-1,S2~0-1),S0~0-1))",
                "CMP(CMP(CMP(S0~0-1,S1~0-1),S0~0-1),CMP(CMP(S2~0-1,S3~0-1),S2~0-1))"
            ],
            "rsynapses": [
                "CMP(S0~0-1,S1~0-1)",
                "S0~0-1"
            ],
            "lastspike": 23,
            "occurs": 2,
            "refractory": 3,
            "level": 2
        },
        {
            "name": "CMP(CMP(CMP(S1~0-1,S2~0-1),CMP(S2~0-1,S4~0-1)),CMP(CMP(S2~0-1,S4~0-1),S2~0-1))",
            "potential": 1.0,
            "fsynapses": [],
            "rsynapses": [
                "CMP(CMP(S1~0-1,S2~0-1),CMP(S2~0-1,S4~0-1))",
                "CMP(CMP(S2~0-1,S4~0-1),S2~0-1)"
            ],
            "lastspike": 25,
            "occurs": 3,
            "refractory": 7,
            "level": 3
        },
        {
            "name": "CMP(CMP(S2~0-1,S3~0-1),CMP(S2~0-1,S4~0-1))",
            "potential": 0.3801241749730023,
            "fsynapses": [
                "CMP(CMP(CMP(S2~0-1,S3~0-1),CMP(S2~0-1,S4~0-1)),CMP(CMP(S2~0-1,S4~0-1),S3~0-1))",
                "CMP(CMP(CMP(S2~0-1,S3~0-1),CMP(S2~0-1,S4~0-1)),CMP(CMP(S2~0-1,S3~0-1),S2~0-1))"
            ],
            "rsynapses": [
                "CMP(S2~0-1,S3~0-1)",
                "CMP(S2~0-1,S4~0-1)"
            ],
            "lastspike": 25,
            "occurs": 3,
            "refractory": 2,
            "level": 2
        },
        {
            "name": "CMP(CMP(CMP(S2~0-1,S3~0-1),CMP(S2~0-1,S4~0-1)),CMP(CMP(S2~0-1,S4~0-1),S3~0-1))",
            "potential": 0.6188495,
            "fsynapses": [],
            "rsynapses": [
                "CMP(CMP(S2~0-1,S3~0-1),CMP(S2~0-1,S4~0-1))",
                "CMP(CMP(S2~0-1,S4~0-1),S3~0-1)"
            ],
            "lastspike": 26,
            "occurs": 3,
            "refractory": 3,
            "level": 3
        },
        {
            "name": "CMP(CMP(S2~0-1,S3~0-1),S2~0-1)",
            "potential": 0.45175518006302007,
            "fsynapses": [
                "CMP(CMP(CMP(S2~0-1,S3~0-1),CMP(S2~0-1,S4~0-1)),CMP(CMP(S2~0-1,S3~0-1),S2~0-1))",
                "CMP(CMP(CMP(S0~0-1,S1~0-1),S0~0-1),CMP(CMP(S2~0-1,S3~0-1),S2~0-1))",
                "CMP(CMP(CMP(S1~0-1,S2~0-1),S0~0-1),CMP(CMP(S2~0-1,S3~0-1),S2~0-1))",
                "CMP(CMP(CMP(S2~0-1,S3~0-1),S2~0-1),CMP(CMP(S2~0-1,S4~0-1),S2~0-1))",
                "CMP(CMP(CMP(S2~0-1,S3~0-1),S2~0-1),CMP(CMP(S2~0-1,S4~0-1),S3~0-1))"
            ],
            "rsynapses": [
                "CMP(S2~0-1,S3~0-1)",
                "S2~0-1"
            ],
            "lastspike": 26,
            "occurs": 2,
            "refractory": 2,
            "level": 2
        },
        {
            "name": "CMP(CMP(S2~0-1,S3~0-1),S3~0-1)",
            "potential": 0.32604160000000004,
            "fsynapses": [
                "CMP(CMP(CMP(S2~0-1,S3~0-1),S3~0-1),CMP(S2~0-1,S3~0-1))",
                "CMP(CMP(CMP(S2~0-1,S3~0-1),S3~0-1),CMP(S0~0-1,S1~0-1))"
            ],
            "rsynapses": [
                "CMP(S2~0-1,S3~0-1)",
                "S3~0-1"
            ],
            "lastspike": 29,
            "occurs": 2,
            "refractory": 2,
            "level": 2
        },
        {
            "name": "CMP(CMP(CMP(S2~0-1,S3~0-1),CMP(S2~0-1,S4~0-1)),CMP(CMP(S2~0-1,S3~0-1),S2~0-1))",
            "potential": 0.40960000000000013,
            "fsynapses": [],
            "rsynapses": [
                "CMP(CMP(S2~0-1,S3~0-1),CMP(S2~0-1,S4~0-1))",
                "CMP(CMP(S2~0-1,S3~0-1),S2~0-1)"
            ],
            "lastspike": 34,
            "occurs": 2,
            "refractory": 3,
            "level": 3
        },
        {
            "name": "CMP(CMP(CMP(S2~0-1,S3~0-1),S3~0-1),CMP(S2~0-1,S3~0-1))",
            "potential": 0.40960000000000013,
            "fsynapses": [],
            "rsynapses": [
                "CMP(CMP(S2~0-1,S3~0-1),S3~0-1)",
                "CMP(S2~0-1,S3~0-1)"
            ],
            "lastspike": 34,
            "occurs": 2,
            "refractory": 3,
            "level": 3
        },
        {
            "name": "CMP(CMP(CMP(S0~0-1,S1~0-1),S0~0-1),CMP(CMP(S1~0-1,S2~0-1),S0~0-1))",
            "potential": 0.5120000000000001,
            "fsynapses": [],
            "rsynapses": [
                "CMP(CMP(S0~0-1,S1~0-1),S0~0-1)",
                "CMP(CMP(S1~0-1,S2~0-1),S0~0-1)"
            ],
            "lastspike": 35,
            "occurs": 2,
            "refractory": 4,
            "level": 3
        },
        {
            "name": "CMP(CMP(CMP(S2~0-1,S3~0-1),S3~0-1),CMP(S0~0-1,S1~0-1))",
            "potential": 0.5120000000000001,
            "fsynapses": [],
            "rsynapses": [
                "CMP(CMP(S2~0-1,S3~0-1),S3~0-1)",
                "CMP(S0~0-1,S1~0-1)"
            ],
            "lastspike": 35,
            "occurs": 2,
            "refractory": 4,
            "level": 3
        },
        {
            "name": "CMP(CMP(S2~0-1,S3~0-1),S0~0-1)",
            "potential": 0.06553600000000002,
            "fsynapses": [],
            "rsynapses": [
                "CMP(S2~0-1,S3~0-1)",
                "S0~0-1"
            ],
            "lastspike": 35,
            "occurs": 1,
            "refractory": 0,
            "level": 2
        },
        {
            "name": "CMP(CMP(CMP(S0~0-1,S1~0-1),S0~0-1),CMP(CMP(S2~0-1,S3~0-1),S2~0-1))",
            "potential": 0.08192000000000003,
            "fsynapses": [],
            "rsynapses": [
                "CMP(CMP(S0~0-1,S1~0-1),S0~0-1)",
                "CMP(CMP(S2~0-1,S3~0-1),S2~0-1)"
            ],
            "lastspike": 36,
            "occurs": 1,
            "refractory": 0,
            "level": 3
        },
        {
            "name": "CMP(CMP(CMP(S1~0-1,S2~0-1),S0~0-1),CMP(CMP(S2~0-1,S3~0-1),S2~0-1))",
            "potential": 0.10240000000000003,
            "fsynapses": [],
            "rsynapses": [
                "CMP(CMP(S1~0-1,S2~0-1),S0~0-1)",
                "CMP(CMP(S2~0-1,S3~0-1),S2~0-1)"
            ],
            "lastspike": 37,
            "occurs": 1,
            "refractory": 0,
            "level": 3
        },
        {
            "name": "CMP(CMP(S1~0-1,S2~0-1),S1~0-1)",
            "potential": 0.8,
            "fsynapses": [
                "CMP(CMP(CMP(S1~0-1,S2~0-1),S1~0-1),CMP(S1~0-1,S2~0-1))",
                "CMP(CMP(CMP(S1~0-1,S2~0-1),S1~0-1),CMP(CMP(S2~0-1,S4~0-1),S3~0-1))"
            ],
            "rsynapses": [
                "CMP(S1~0-1,S2~0-1)",
                "S1~0-1"
            ],
            "lastspike": 37,
            "occurs": 2,
            "refractory": 6,
            "level": 2
        },
        {
            "name": "CMP(CMP(CMP(S2~0-1,S3~0-1),S2~0-1),CMP(CMP(S2~0-1,S4~0-1),S2~0-1))",
            "potential": 1.0,
            "fsynapses": [],
            "rsynapses": [
                "CMP(CMP(S2~0-1,S3~0-1),S2~0-1)",
                "CMP(CMP(S2~0-1,S4~0-1),S2~0-1)"
            ],
            "lastspike": 38,
            "occurs": 2,
            "refractory": 7,
            "level": 3
        },
        {
            "name": "CMP(CMP(CMP(S2~0-1,S3~0-1),S2~0-1),CMP(CMP(S2~0-1,S4~0-1),S3~0-1))",
            "potential": 0.6157552525000001,
            "fsynapses": [],
            "rsynapses": [
                "CMP(CMP(S2~0-1,S3~0-1),S2~0-1)",
                "CMP(CMP(S2~0-1,S4~0-1),S3~0-1)"
            ],
            "lastspike": 39,
            "occurs": 1,
            "refractory": 0,
            "level": 3
        },
        {
            "name": "CMP(CMP(CMP(S1~0-1,S2~0-1),S1~0-1),CMP(S1~0-1,S2~0-1))",
            "potential": 0.16000000000000003,
            "fsynapses": [],
            "rsynapses": [
                "CMP(CMP(S1~0-1,S2~0-1),S1~0-1)",
                "CMP(S1~0-1,S2~0-1)"
            ],
            "lastspike": 39,
            "occurs": 1,
            "refractory": 0,
            "level": 3
        },
        {
            "name": "CMP(CMP(CMP(S1~0-1,S2~0-1),S1~0-1),CMP(CMP(S2~0-1,S4~0-1),S3~0-1))",
            "potential": 0.2,
            "fsynapses": [],
            "rsynapses": [
                "CMP(CMP(S1~0-1,S2~0-1),S1~0-1)",
                "CMP(CMP(S2~0-1,S4~0-1),S3~0-1)"
            ],
            "lastspike": 40,
            "occurs": 1,
            "refractory": 0,
            "level": 3
        }
    ],
    "synapses": [
        {
            "fref": "CMP(S0~0-1,S1~0-1)",
            "rref": "S0~0-1",
            "wgt": 0.6604300000000001,
            "occurs": 3,
            "lastspike": 35
        },
        {
            "fref": "CMP(S0~0-1,S1~0-1)",
            "rref": "S1~0-1",
            "wgt": 0.6604300000000001,
            "occurs": 3,
            "lastspike": 37
        },
        {
            "fref": "CMP(S1~0-1,S2~0-1)",
            "rref": "S1~0-1",
            "wgt": 0.307,
            "occurs": 3,
            "lastspike": 37
        },
        {
            "fref": "CMP(S1~0-1,S2~0-1)",
            "rref": "S2~0-1",
            "wgt": 0.307,
            "occurs": 3,
            "lastspike": 38
        },
        {
            "fref": "CMP(S2~0-1,S4~0-1)",
            "rref": "S2~0-1",
            "wgt": 0.307,
            "occurs": 3,
            "lastspike": 38
        },
        {
            "fref": "CMP(S2~0-1,S4~0-1)",
            "rref": "S4~0-1",
            "wgt": 0.307,
            "occurs": 0,
            "lastspike": ""
        },
        {
            "fref": "CMP(CMP(S0~0-1,S1~0-1),CMP(S1~0-1,S2~0-1))",
            "rref": "CMP(S0~0-1,S1~0-1)",
            "wgt": 0.762301,
            "occurs": 3,
            "lastspike": 36
        },
        {
            "fref": "CMP(CMP(S0~0-1,S1~0-1),CMP(S1~0-1,S2~0-1))",
            "rref": "CMP(S1~0-1,S2~0-1)",
            "wgt": 0.762301,
            "occurs": 3,
            "lastspike": 38
        },
        {
            "fref": "CMP(CMP(CMP(S0~0-1,S1~0-1),CMP(S1~0-1,S2~0-1)),CMP(S0~0-1,S1~0-1))",
            "rref": "CMP(CMP(S0~0-1,S1~0-1),CMP(S1~0-1,S2~0-1))",
            "wgt": 0.307,
            "occurs": 3,
            "lastspike": 37
        },
        {
            "fref": "CMP(CMP(CMP(S0~0-1,S1~0-1),CMP(S1~0-1,S2~0-1)),CMP(S0~0-1,S1~0-1))",
            "rref": "CMP(S0~0-1,S1~0-1)",
            "wgt": 0.307,
            "occurs": 2,
            "lastspike": 36
        },
        {
            "fref": "CMP(CMP(S1~0-1,S2~0-1),S0~0-1)",
            "rref": "CMP(S1~0-1,S2~0-1)",
            "wgt": 0.01,
            "occurs": 2,
            "lastspike": 38
        },
        {
            "fref": "CMP(CMP(S1~0-1,S2~0-1),S0~0-1)",
            "rref": "S0~0-1",
            "wgt": 0.01,
            "occurs": 2,
            "lastspike": 35
        },
        {
            "fref": "CMP(CMP(S1~0-1,S2~0-1),CMP(S2~0-1,S4~0-1))",
            "rref": "CMP(S1~0-1,S2~0-1)",
            "wgt": 0.6604300000000001,
            "occurs": 2,
            "lastspike": 38
        },
        {
            "fref": "CMP(CMP(S1~0-1,S2~0-1),CMP(S2~0-1,S4~0-1))",
            "rref": "CMP(S2~0-1,S4~0-1)",
            "wgt": 0.6604300000000001,
            "occurs": 3,
            "lastspike": 39
        },
        {
            "fref": "CMP(S2~0-1,S3~0-1)",
            "rref": "S2~0-1",
            "wgt": 0.01,
            "occurs": 2,
            "lastspike": 38
        },
        {
            "fref": "CMP(S2~0-1,S3~0-1)",
            "rref": "S3~0-1",
            "wgt": 0.01,
            "occurs": 1,
            "lastspike": 28
        },
        {
            "fref": "CMP(CMP(CMP(S0~0-1,S1~0-1),CMP(S1~0-1,S2~0-1)),CMP(CMP(S1~0-1,S2~0-1),CMP(S2~0-1,S4~0-1)))",
            "rref": "CMP(CMP(S0~0-1,S1~0-1),CMP(S1~0-1,S2~0-1))",
            "wgt": 0.5149,
            "occurs": 2,
            "lastspike": 37
        },
        {
            "fref": "CMP(CMP(CMP(S0~0-1,S1~0-1),CMP(S1~0-1,S2~0-1)),CMP(CMP(S1~0-1,S2~0-1),CMP(S2~0-1,S4~0-1)))",
            "rref": "CMP(CMP(S1~0-1,S2~0-1),CMP(S2~0-1,S4~0-1))",
            "wgt": 0.5149,
            "occurs": 3,
            "lastspike": 39
        },
        {
            "fref": "CMP(CMP(S2~0-1,S4~0-1),S2~0-1)",
            "rref": "CMP(S2~0-1,S4~0-1)",
            "wgt": 0.01,
            "occurs": 2,
            "lastspike": 39
        },
        {
            "fref": "CMP(CMP(S2~0-1,S4~0-1),S2~0-1)",
            "rref": "S2~0-1",
            "wgt": 0.01,
            "occurs": 2,
            "lastspike": 38
        },
        {
            "fref": "CMP(CMP(S2~0-1,S4~0-1),S3~0-1)",
            "rref": "CMP(S2~0-1,S4~0-1)",
            "wgt": 0.307,
            "occurs": 2,
            "lastspike": 39
        },
        {
            "fref": "CMP(CMP(S2~0-1,S4~0-1),S3~0-1)",
            "rref": "S3~0-1",
            "wgt": 0.307,
            "occurs": 1,
            "lastspike": 28
        },
        {
            "fref": "CMP(CMP(CMP(S1~0-1,S2~0-1),CMP(S2~0-1,S4~0-1)),CMP(S2~0-1,S4~0-1))",
            "rref": "CMP(CMP(S1~0-1,S2~0-1),CMP(S2~0-1,S4~0-1))",
            "wgt": 0.01,
            "occurs": 2,
            "lastspike": 39
        },
        {
            "fref": "CMP(CMP(CMP(S1~0-1,S2~0-1),CMP(S2~0-1,S4~0-1)),CMP(S2~0-1,S4~0-1))",
            "rref": "CMP(S2~0-1,S4~0-1)",
            "wgt": 0.01,
            "occurs": 2,
            "lastspike": 39
        },
        {
            "fref": "CMP(CMP(CMP(S1~0-1,S2~0-1),S0~0-1),CMP(S0~0-1,S1~0-1))",
            "rref": "CMP(CMP(S1~0-1,S2~0-1),S0~0-1)",
            "wgt": 0.01,
            "occurs": 2,
            "lastspike": 36
        },
        {
            "fref": "CMP(CMP(CMP(S1~0-1,S2~0-1),S0~0-1),CMP(S0~0-1,S1~0-1))",
            "rref": "CMP(S0~0-1,S1~0-1)",
            "wgt": 0.01,
            "occurs": 2,
            "lastspike": 36
        },
        {
            "fref": "CMP(CMP(CMP(S0~0-1,S1~0-1),CMP(S1~0-1,S2~0-1)),CMP(CMP(S1~0-1,S2~0-1),S0~0-1))",
            "rref": "CMP(CMP(S0~0-1,S1~0-1),CMP(S1~0-1,S2~0-1))",
            "wgt": 0.8336107,
            "occurs": 2,
            "lastspike": 37
        },
        {
            "fref": "CMP(CMP(CMP(S0~0-1,S1~0-1),CMP(S1~0-1,S2~0-1)),CMP(CMP(S1~0-1,S2~0-1),S0~0-1))",
            "rref": "CMP(CMP(S1~0-1,S2~0-1),S0~0-1)",
            "wgt": 0.8336107,
            "occurs": 1,
            "lastspike": 36
        },
        {
            "fref": "CMP(CMP(S0~0-1,S1~0-1),S0~0-1)",
            "rref": "CMP(S0~0-1,S1~0-1)",
            "wgt": 0.01,
            "occurs": 1,
            "lastspike": 36
        },
        {
            "fref": "CMP(CMP(S0~0-1,S1~0-1),S0~0-1)",
            "rref": "S0~0-1",
            "wgt": 0.01,
            "occurs": 1,
            "lastspike": 35
        },
        {
            "fref": "CMP(CMP(CMP(S1~0-1,S2~0-1),CMP(S2~0-1,S4~0-1)),CMP(CMP(S2~0-1,S4~0-1),S2~0-1))",
            "rref": "CMP(CMP(S1~0-1,S2~0-1),CMP(S2~0-1,S4~0-1))",
            "wgt": 0.8835274900000001,
            "occurs": 2,
            "lastspike": 39
        },
        {
            "fref": "CMP(CMP(CMP(S1~0-1,S2~0-1),CMP(S2~0-1,S4~0-1)),CMP(CMP(S2~0-1,S4~0-1),S2~0-1))",
            "rref": "CMP(CMP(S2~0-1,S4~0-1),S2~0-1)",
            "wgt": 0.8835274900000001,
            "occurs": 2,
            "lastspike": 39
        },
        {
            "fref": "CMP(CMP(S2~0-1,S3~0-1),CMP(S2~0-1,S4~0-1))",
            "rref": "CMP(S2~0-1,S3~0-1)",
            "wgt": 0.307,
            "occurs": 2,
            "lastspike": 34
        },
        {
            "fref": "CMP(CMP(S2~0-1,S3~0-1),CMP(S2~0-1,S4~0-1))",
            "rref": "CMP(S2~0-1,S4~0-1)",
            "wgt": 0.307,
            "occurs": 2,
            "lastspike": 39
        },
        {
            "fref": "CMP(CMP(CMP(S2~0-1,S3~0-1),CMP(S2~0-1,S4~0-1)),CMP(CMP(S2~0-1,S4~0-1),S3~0-1))",
            "rref": "CMP(CMP(S2~0-1,S3~0-1),CMP(S2~0-1,S4~0-1))",
            "wgt": 0.762301,
            "occurs": 2,
            "lastspike": 35
        },
        {
            "fref": "CMP(CMP(CMP(S2~0-1,S3~0-1),CMP(S2~0-1,S4~0-1)),CMP(CMP(S2~0-1,S4~0-1),S3~0-1))",
            "rref": "CMP(CMP(S2~0-1,S4~0-1),S3~0-1)",
            "wgt": 0.762301,
            "occurs": 2,
            "lastspike": 40
        },
        {
            "fref": "CMP(CMP(S2~0-1,S3~0-1),S2~0-1)",
            "rref": "CMP(S2~0-1,S3~0-1)",
            "wgt": 0.5149,
            "occurs": 1,
            "lastspike": 34
        },
        {
            "fref": "CMP(CMP(S2~0-1,S3~0-1),S2~0-1)",
            "rref": "S2~0-1",
            "wgt": 0.5149,
            "occurs": 1,
            "lastspike": 38
        },
        {
            "fref": "CMP(CMP(S2~0-1,S3~0-1),S3~0-1)",
            "rref": "CMP(S2~0-1,S3~0-1)",
            "wgt": 0.307,
            "occurs": 1,
            "lastspike": 34
        },
        {
            "fref": "CMP(CMP(S2~0-1,S3~0-1),S3~0-1)",
            "rref": "S3~0-1",
            "wgt": 0.307,
            "occurs": 0,
            "lastspike": ""
        },
        {
            "fref": "CMP(CMP(CMP(S2~0-1,S3~0-1),CMP(S2~0-1,S4~0-1)),CMP(CMP(S2~0-1,S3~0-1),S2~0-1))",
            "rref": "CMP(CMP(S2~0-1,S3~0-1),CMP(S2~0-1,S4~0-1))",
            "wgt": 0.307,
            "occurs": 1,
            "lastspike": 35
        },
        {
            "fref": "CMP(CMP(CMP(S2~0-1,S3~0-1),CMP(S2~0-1,S4~0-1)),CMP(CMP(S2~0-1,S3~0-1),S2~0-1))",
            "rref": "CMP(CMP(S2~0-1,S3~0-1),S2~0-1)",
            "wgt": 0.307,
            "occurs": 1,
            "lastspike": 35
        },
        {
            "fref": "CMP(CMP(CMP(S2~0-1,S3~0-1),S3~0-1),CMP(S2~0-1,S3~0-1))",
            "rref": "CMP(CMP(S2~0-1,S3~0-1),S3~0-1)",
            "wgt": 0.01,
            "occurs": 1,
            "lastspike": 35
        },
        {
            "fref": "CMP(CMP(CMP(S2~0-1,S3~0-1),S3~0-1),CMP(S2~0-1,S3~0-1))",
            "rref": "CMP(S2~0-1,S3~0-1)",
            "wgt": 0.01,
            "occurs": 0,
            "lastspike": ""
        },
        {
            "fref": "CMP(CMP(CMP(S0~0-1,S1~0-1),S0~0-1),CMP(CMP(S1~0-1,S2~0-1),S0~0-1))",
            "rref": "CMP(CMP(S0~0-1,S1~0-1),S0~0-1)",
            "wgt": 0.01,
            "occurs": 1,
            "lastspike": 36
        },
        {
            "fref": "CMP(CMP(CMP(S0~0-1,S1~0-1),S0~0-1),CMP(CMP(S1~0-1,S2~0-1),S0~0-1))",
            "rref": "CMP(CMP(S1~0-1,S2~0-1),S0~0-1)",
            "wgt": 0.01,
            "occurs": 1,
            "lastspike": 36
        },
        {
            "fref": "CMP(CMP(CMP(S2~0-1,S3~0-1),S3~0-1),CMP(S0~0-1,S1~0-1))",
            "rref": "CMP(CMP(S2~0-1,S3~0-1),S3~0-1)",
            "wgt": 0.6604300000000001,
            "occurs": 0,
            "lastspike": ""
        },
        {
            "fref": "CMP(CMP(CMP(S2~0-1,S3~0-1),S3~0-1),CMP(S0~0-1,S1~0-1))",
            "rref": "CMP(S0~0-1,S1~0-1)",
            "wgt": 0.6604300000000001,
            "occurs": 1,
            "lastspike": 36
        },
        {
            "fref": "CMP(CMP(S2~0-1,S3~0-1),S0~0-1)",
            "rref": "CMP(S2~0-1,S3~0-1)",
            "wgt": 0.01,
            "occurs": 0,
            "lastspike": ""
        },
        {
            "fref": "CMP(CMP(S2~0-1,S3~0-1),S0~0-1)",
            "rref": "S0~0-1",
            "wgt": 0.01,
            "occurs": 0,
            "lastspike": ""
        },
        {
            "fref": "CMP(CMP(CMP(S0~0-1,S1~0-1),S0~0-1),CMP(CMP(S2~0-1,S3~0-1),S2~0-1))",
            "rref": "CMP(CMP(S0~0-1,S1~0-1),S0~0-1)",
            "wgt": 0.01,
            "occurs": 0,
            "lastspike": ""
        },
        {
            "fref": "CMP(CMP(CMP(S0~0-1,S1~0-1),S0~0-1),CMP(CMP(S2~0-1,S3~0-1),S2~0-1))",
            "rref": "CMP(CMP(S2~0-1,S3~0-1),S2~0-1)",
            "wgt": 0.01,
            "occurs": 0,
            "lastspike": ""
        },
        {
            "fref": "CMP(CMP(CMP(S1~0-1,S2~0-1),S0~0-1),CMP(CMP(S2~0-1,S3~0-1),S2~0-1))",
            "rref": "CMP(CMP(S1~0-1,S2~0-1),S0~0-1)",
            "wgt": 0.01,
            "occurs": 0,
            "lastspike": ""
        },
        {
            "fref": "CMP(CMP(CMP(S1~0-1,S2~0-1),S0~0-1),CMP(CMP(S2~0-1,S3~0-1),S2~0-1))",
            "rref": "CMP(CMP(S2~0-1,S3~0-1),S2~0-1)",
            "wgt": 0.01,
            "occurs": 0,
            "lastspike": ""
        },
        {
            "fref": "CMP(CMP(S1~0-1,S2~0-1),S1~0-1)",
            "rref": "CMP(S1~0-1,S2~0-1)",
            "wgt": 0.01,
            "occurs": 1,
            "lastspike": 38
        },
        {
            "fref": "CMP(CMP(S1~0-1,S2~0-1),S1~0-1)",
            "rref": "S1~0-1",
            "wgt": 0.01,
            "occurs": 0,
            "lastspike": ""
        },
        {
            "fref": "CMP(CMP(CMP(S2~0-1,S3~0-1),S2~0-1),CMP(CMP(S2~0-1,S4~0-1),S2~0-1))",
            "rref": "CMP(CMP(S2~0-1,S3~0-1),S2~0-1)",
            "wgt": 0.01,
            "occurs": 0,
            "lastspike": ""
        },
        {
            "fref": "CMP(CMP(CMP(S2~0-1,S3~0-1),S2~0-1),CMP(CMP(S2~0-1,S4~0-1),S2~0-1))",
            "rref": "CMP(CMP(S2~0-1,S4~0-1),S2~0-1)",
            "wgt": 0.01,
            "occurs": 1,
            "lastspike": 39
        },
        {
            "fref": "CMP(CMP(CMP(S2~0-1,S3~0-1),S2~0-1),CMP(CMP(S2~0-1,S4~0-1),S3~0-1))",
            "rref": "CMP(CMP(S2~0-1,S3~0-1),S2~0-1)",
            "wgt": 0.01,
            "occurs": 0,
            "lastspike": ""
        },
        {
            "fref": "CMP(CMP(CMP(S2~0-1,S3~0-1),S2~0-1),CMP(CMP(S2~0-1,S4~0-1),S3~0-1))",
            "rref": "CMP(CMP(S2~0-1,S4~0-1),S3~0-1)",
            "wgt": 0.01,
            "occurs": 1,
            "lastspike": 40
        },
        {
            "fref": "CMP(CMP(CMP(S1~0-1,S2~0-1),S1~0-1),CMP(S1~0-1,S2~0-1))",
            "rref": "CMP(CMP(S1~0-1,S2~0-1),S1~0-1)",
            "wgt": 0.01,
            "occurs": 0,
            "lastspike": ""
        },
        {
            "fref": "CMP(CMP(CMP(S1~0-1,S2~0-1),S1~0-1),CMP(S1~0-1,S2~0-1))",
            "rref": "CMP(S1~0-1,S2~0-1)",
            "wgt": 0.01,
            "occurs": 0,
            "lastspike": ""
        },
        {
            "fref": "CMP(CMP(CMP(S1~0-1,S2~0-1),S1~0-1),CMP(CMP(S2~0-1,S4~0-1),S3~0-1))",
            "rref": "CMP(CMP(S1~0-1,S2~0-1),S1~0-1)",
            "wgt": 0.01,
            "occurs": 0,
            "lastspike": ""
        },
        {
            "fref": "CMP(CMP(CMP(S1~0-1,S2~0-1),S1~0-1),CMP(CMP(S2~0-1,S4~0-1),S3~0-1))",
            "rref": "CMP(CMP(S2~0-1,S4~0-1),S3~0-1)",
            "wgt": 0.01,
            "occurs": 0,
            "lastspike": ""
        }
    ],
    "npruned": [],
    "spruned": [],
    "params": {
        "BindingCount": 2,
        "PropagationLevels": 3,
        "PruneInterval": 30,
        "PruningThreshold": 0.2,
        "BindingThreshold": 0.5,
        "DownPotentialFactor": 0.2,
        "FiringThreshold": 0.25,
        "ZeroingThreshold": 0.05,
        "DecayFactor": 0.8,
        "InitialPotential": 0.2,
        "ReinforcementRate": 0.3,
        "RefractoryPeriod": 7,
        "PostSpikeFactor": 1.0,
        "DefaultEncoderCeiling": 1024,
        "DefaultEncoderFloor": 0,
        "DefaultEncoderResolution": 4,
        "TraceLength": 60
    },
    "tick": 41
}