{
    "neurones": [
        {
            "name": "S4~0-1",
            "potential": 0.0,
            "fsynapses": [
                "CMP(S4~0-1,S5~0-1)"
            ],
            "rsynapses": [],
            "lastspike": 4,
            "occurs": 3,
            "refractory": 0,
            "level": 0
        },
        {
            "name": "S5~0-1",
            "potential": 0.0,
            "fsynapses": [
                "CMP(S4~0-1,S5~0-1)"
            ],
            "rsynapses": [],
            "lastspike": 5,
            "occurs": 3,
            "refractory": 0,
            "level": 0
        },
        {
            "name": "CMP(S4~0-1,S5~0-1)",
            "potential": 0.0,
            "fsynapses": [],
            "rsynapses": [
                "S4~0-1",
                "S5~0-1"
            ],
            "lastspike": 5,
            "occurs": 1,
            "refractory": 0,
            "level": 1
        }
    ],
    "synapses": [
        {
            "fref": "CMP(S4~0-1,S5~0-1)",
            "rref": "S4~0-1",
            "wgt": 0.5149,
            "occurs": 0,
            "lastspike": ""
        },
        {
            "fref": "CMP(S4~0-1,S5~0-1)",
            "rref": "S5~0-1",
            "wgt": 0.5149,
            "occurs": 0,
            "lastspike": ""
        }
    ],
    "npruned": [],
    "spruned": [],
    "params": {
        "BindingCount": 2,
        "PropagationLevels": 2,
        "PruneInterval": 30,
        "PruningThreshold": 0.2,
        "BindingThreshold": 0.5,
        "DownPotentialFactor": 0.2,
        "FiringThreshold": 0.25,
        "ZeroingThreshold": 0.05,
        "DecayFactor": 0.8,
        "InitialPotential": 0.2,
        "ReinforcementRate": 0.3,
        "RefractoryPeriod": 7,
        "PostSpikeFactor": 1.0,
        "DefaultEncoderCeiling": 1024,
        "DefaultEncoderFloor": 0,
        "DefaultEncoderResolution": 10,
        "TraceLength": 60
    },
    "tick": 45
}