{
    "neurones": [
        {
            "name": "S0~0-1",
            "potential": 0.06644845909114885,
            "fsynapses": [
                "CMP(S0~0-1,S1~0-1)",
                "CMP(CMP(S0~0-1,S1~0-1),S0~0-1)"
            ],
            "rsynapses": [],
            "lastspike": 22,
            "occurs": 7,
            "refractory": 0,
            "level": 0
        },
        {
            "name": "S1~0-1",
            "potential": 0.10330658874327046,
            "fsynapses": [
                "CMP(S0~0-1,S1~0-1)",
                "CMP(S1~0-1,S2~0-1)"
            ],
            "rsynapses": [],
            "lastspike": 24,
            "occurs": 7,
            "refractory": 0,
            "level": 0
        },
        {
            "name": "CMP(S0~0-1,S1~0-1)",
            "potential": 0.10382571732992006,
            "fsynapses": [
                "CMP(CMP(S0~0-1,S1~0-1),CMP(S1~0-1,S2~0-1))",
                "CMP(CMP(S0~0-1,S1~0-1),S0~0-1)"
            ],
            "rsynapses": [
                "S0~0-1",
                "S1~0-1"
            ],
            "lastspike": 3,
            "occurs": 3,
            "refractory": 0,
            "level": 1
        },
        {
            "name": "S2~0-1",
            "potential": 0.13116128249774084,
            "fsynapses": [
                "CMP(S1~0-1,S2~0-1)",
                "CMP(S2~0-1,S4~0-1)",
                "CMP(CMP(S2~0-1,S4~0-1),S2~0-1)"
            ],
            "rsynapses": [],
            "lastspike": 25,
            "occurs": 7,
            "refractory": 0,
            "level": 0
        },
        {
            "name": "S4~0-1",
            "potential": 0.0,
            "fsynapses": [
                "CMP(S2~0-1,S4~0-1)"
            ],
            "rsynapses": [],
            "lastspike": 6,
            "occurs": 3,
            "refractory": 0,
            "level": 0
        },
        {
            "name": "CMP(S1~0-1,S2~0-1)",
            "potential": 0.15999591573514244,
            "fsynapses": [
                "CMP(CMP(S0~0-1,S1~0-1),CMP(S1~0-1,S2~0-1))",
                "CMP(CMP(S1~0-1,S2~0-1),CMP(S2~0-1,S4~0-1))"
            ],
            "rsynapses": [
                "S1~0-1",
                "S2~0-1"
            ],
            "lastspike": 6,
            "occurs": 4,
            "refractory": 3,
            "level": 1
        },
        {
            "name": "CMP(S2~0-1,S4~0-1)",
            "potential": 0.16477548052480007,
            "fsynapses": [
                "CMP(CMP(S2~0-1,S4~0-1),S2~0-1)",
                "CMP(CMP(S1~0-1,S2~0-1),CMP(S2~0-1,S4~0-1))"
            ],
            "rsynapses": [
                "S2~0-1",
                "S4~0-1"
            ],
            "lastspike": 7,
            "occurs": 3,
            "refractory": 1,
            "level": 1
        },
        {
            "name": "CMP(CMP(S0~0-1,S1~0-1),CMP(S1~0-1,S2~0-1))",
            "potential": 0.5120000000000001,
            "fsynapses": [],
            "rsynapses": [
                "CMP(S0~0-1,S1~0-1)",
                "CMP(S1~0-1,S2~0-1)"
            ],
            "lastspike": 11,
            "occurs": 4,
            "refractory": 4,
            "level": 2
        },
        {
            "name": "S3~0-1",
            "potential": 0.40960000000000013,
            "fsynapses": [],
            "rsynapses": [],
            "lastspike": 28,
            "occurs": 5,
            "refractory": 3,
            "level": 0
        },
        {
            "name": "CMP(CMP(S2~0-1,S4~0-1),S2~0-1)",
            "potential": 0.19465502720000005,
            "fsynapses": [],
            "rsynapses": [
                "CMP(S2~0-1,S4~0-1)",
                "S2~0-1"
            ],
            "lastspike": 13,
            "occurs": 3,
            "refractory": 1,
            "level": 2
        },
        {
            "name": "CMP(CMP(S1~0-1,S2~0-1),CMP(S2~0-1,S4~0-1))",
            "potential": 0.5120000000000001,
            "fsynapses": [],
            "rsynapses": [
                "CMP(S1~0-1,S2~0-1)",
                "CMP(S2~0-1,S4~0-1)"
            ],
            "lastspike": 16,
            "occurs": 3,
            "refractory": 4,
            "level": 2
        },
        {
            "name": "CMP(CMP(S0~0-1,S1~0-1),S0~0-1)",
            "potential": 0.1677721600000001,
            "fsynapses": [],
            "rsynapses": [
                "CMP(S0~0-1,S1~0-1)",
                "S0~0-1"
            ],
            "lastspike": 22,
            "occurs": 2,
            "refractory": 0,
            "level": 2
        }
    ],
    "synapses": [
        {
            "fref": "CMP(S0~0-1,S1~0-1)",
            "rref": "S0~0-1",
            "wgt": 0.762301,
            "occurs": 2,
            "lastspike": 22
        },
        {
            "fref": "CMP(S0~0-1,S1~0-1)",
            "rref": "S1~0-1",
            "wgt": 0.762301,
            "occurs": 2,
            "lastspike": 24
        },
        {
            "fref": "CMP(S1~0-1,S2~0-1)",
            "rref": "S1~0-1",
            "wgt": 0.01,
            "occurs": 2,
            "lastspike": 24
        },
        {
            "fref": "CMP(S1~0-1,S2~0-1)",
            "rref": "S2~0-1",
            "wgt": 0.01,
            "occurs": 2,
            "lastspike": 25
        },
        {
            "fref": "CMP(S2~0-1,S4~0-1)",
            "rref": "S2~0-1",
            "wgt": 0.307,
            "occurs": 2,
            "lastspike": 25
        },
        {
            "fref": "CMP(S2~0-1,S4~0-1)",
            "rref": "S4~0-1",
            "wgt": 0.307,
            "occurs": 0,
            "lastspike": ""
        },
        {
            "fref": "CMP(CMP(S0~0-1,S1~0-1),CMP(S1~0-1,S2~0-1))",
            "rref": "CMP(S0~0-1,S1~0-1)",
            "wgt": 0.8336107,
            "occurs": 2,
            "lastspike": 23
        },
        {
            "fref": "CMP(CMP(S0~0-1,S1~0-1),CMP(S1~0-1,S2~0-1))",
            "rref": "CMP(S1~0-1,S2~0-1)",
            "wgt": 0.8336107,
            "occurs": 3,
            "lastspike": 28
        },
        {
            "fref": "CMP(CMP(S2~0-1,S4~0-1),S2~0-1)",
            "rref": "CMP(S2~0-1,S4~0-1)",
            "wgt": 0.5149,
            "occurs": 2,
            "lastspike": 26
        },
        {
            "fref": "CMP(CMP(S2~0-1,S4~0-1),S2~0-1)",
            "rref": "S2~0-1",
            "wgt": 0.5149,
            "occurs": 1,
            "lastspike": 25
        },
        {
            "fref": "CMP(CMP(S1~0-1,S2~0-1),CMP(S2~0-1,S4~0-1))",
            "rref": "CMP(S1~0-1,S2~0-1)",
            "wgt": 0.6604300000000001,
            "occurs": 2,
            "lastspike": 28
        },
        {
            "fref": "CMP(CMP(S1~0-1,S2~0-1),CMP(S2~0-1,S4~0-1))",
            "rref": "CMP(S2~0-1,S4~0-1)",
            "wgt": 0.6604300000000001,
            "occurs": 1,
            "lastspike": 26
        },
        {
            "fref": "CMP(CMP(S0~0-1,S1~0-1),S0~0-1)",
            "rref": "CMP(S0~0-1,S1~0-1)",
            "wgt": 0.01,
            "occurs": 1,
            "lastspike": 23
        },
        {
            "fref": "CMP(CMP(S0~0-1,S1~0-1),S0~0-1)",
            "rref": "S0~0-1",
            "wgt": 0.01,
            "occurs": 0,
            "lastspike": ""
        }
    ],
    "npruned": [],
    "spruned": [],
    "params": {
        "BindingCount": 2,
        "PropagationLevels": 2,
        "PruneInterval": 30,
        "PruningThreshold": 0.2,
        "BindingThreshold": 0.5,
        "DownPotentialFactor": 0.2,
        "FiringThreshold": 0.25,
        "ZeroingThreshold": 0.05,
        "DecayFactor": 0.8,
        "InitialPotential": 0.2,
        "ReinforcementRate": 0.3,
        "RefractoryPeriod": 7,
        "PostSpikeFactor": 1.0,
        "DefaultEncoderCeiling": 1024,
        "DefaultEncoderFloor": 0,
        "DefaultEncoderResolution": 10,
        "TraceLength": 60
    },
    "tick": 33
}