{
    "neurones": [
        {
            "name": "S0~0-1",
            "potential": 0.08944753584373763,
            "fsynapses": [
                "CMP(S0~0-1,S1~0-1)",
                "CMP(CMP(S1~0-1,S2~0-1),S0~0-1)",
                "CMP(CMP(S2~0-1,S3~0-1),S0~0-1)"
            ],
            "rsynapses": [],
            "lastspike": 35,
            "occurs": 9,
            "refractory": 0,
            "level": 0
        },
        {
            "name": "S1~0-1",
            "potential": 0.11890285661388802,
            "fsynapses": [
                "CMP(S0~0-1,S1~0-1)",
                "CMP(S1~0-1,S2~0-1)",
                "CMP(CMP(S1~0-1,S2~0-1),S1~0-1)"
            ],
            "rsynapses": [],
            "lastspike": 37,
            "occurs": 9,
            "refractory": 0,
            "level": 0
        },
        {
            "name": "CMP(S0~0-1,S1~0-1)",
            "potential": 0.14046409523200004,
            "fsynapses": [
                "CMP(CMP(S0~0-1,S1~0-1),CMP(S1~0-1,S2~0-1))",
                "CMP(CMP(CMP(S0~0-1,S1~0-1),CMP(S1~0-1,S2~0-1)),CMP(S0~0-1,S1~0-1))",
                "CMP(CMP(CMP(S2~0-1,S4~0-1),S2~0-1),CMP(S0~0-1,S1~0-1))",
                "CMP(CMP(CMP(S1~0-1,S2~0-1),S0~0-1),CMP(S0~0-1,S1~0-1))",
                "CMP(CMP(CMP(S2~0-1,S3~0-1),S3~0-1),CMP(S0~0-1,S1~0-1))",
                "CMP(CMP(CMP(S1~0-1,S2~0-1),S1~0-1),CMP(S0~0-1,S1~0-1))"
            ],
            "rsynapses": [
                "S0~0-1",
                "S1~0-1"
            ],
            "lastspike": 3,
            "occurs": 4,
            "refractory": 0,
            "level": 1
        },
        {
            "name": "S2~0-1",
            "potential": 0.1850389217538131,
            "fsynapses": [
                "CMP(S1~0-1,S2~0-1)",
                "CMP(S2~0-1,S4~0-1)",
                "CMP(CMP(S2~0-1,S4~0-1),S2~0-1)",
                "CMP(S2~0-1,S3~0-1)",
                "CMP(CMP(S2~0-1,S3~0-1),S2~0-1)"
            ],
            "rsynapses": [],
            "lastspike": 38,
            "occurs": 9,
            "refractory": 1,
            "level": 0
        },
        {
            "name": "S4~0-1",
            "potential": 0.0,
            "fsynapses": [
                "CMP(S2~0-1,S4~0-1)"
            ],
            "rsynapses": [],
            "lastspike": 6,
            "occurs": 3,
            "refractory": 0,
            "level": 0
        },
        {
            "name": "CMP(S1~0-1,S2~0-1)",
            "potential": 0.22190489600000005,
            "fsynapses": [
                "CMP(CMP(S0~0-1,S1~0-1),CMP(S1~0-1,S2~0-1))",
                "CMP(CMP(S1~0-1,S2~0-1),S0~0-1)",
                "CMP(CMP(S1~0-1,S2~0-1),CMP(S2~0-1,S4~0-1))",
                "CMP(CMP(CMP(S2~0-1,S3~0-1),CMP(S2~0-1,S4~0-1)),CMP(S1~0-1,S2~0-1))",
                "CMP(CMP(S1~0-1,S2~0-1),S1~0-1)",
                "CMP(CMP(CMP(S1~0-1,S2~0-1),S1~0-1),CMP(S1~0-1,S2~0-1))"
            ],
            "rsynapses": [
                "S1~0-1",
                "S2~0-1"
            ],
            "lastspike": 6,
            "occurs": 4,
            "refractory": 1,
            "level": 1
        },
        {
            "name": "CMP(S2~0-1,S4~0-1)",
            "potential": 0.17175081418536733,
            "fsynapses": [
                "CMP(CMP(S2~0-1,S4~0-1),S2~0-1)",
                "CMP(CMP(S1~0-1,S2~0-1),CMP(S2~0-1,S4~0-1))",
                "CMP(CMP(S2~0-1,S4~0-1),S3~0-1)",
                "CMP(CMP(CMP(S2~0-1,S4~0-1),S2~0-1),CMP(S2~0-1,S4~0-1))",
                "CMP(CMP(S2~0-1,S3~0-1),CMP(S2~0-1,S4~0-1))",
                "CMP(CMP(CMP(S2~0-1,S3~0-1),CMP(S2~0-1,S4~0-1)),CMP(S2~0-1,S4~0-1))"
            ],
            "rsynapses": [
                "S2~0-1",
                "S4~0-1"
            ],
            "lastspike": 7,
            "occurs": 4,
            "refractory": 2,
            "level": 1
        },
        {
            "name": "CMP(CMP(S0~0-1,S1~0-1),CMP(S1~0-1,S2~0-1))",
            "potential": 0.16222768332800008,
            "fsynapses": [
                "CMP(CMP(CMP(S0~0-1,S1~0-1),CMP(S1~0-1,S2~0-1)),CMP(S0~0-1,S1~0-1))",
                "CMP(CMP(CMP(CMP(S0~0-1,S1~0-1),CMP(S1~0-1,S2~0-1)),CMP(S0~0-1,S1~0-1)),CMP(CMP(S0~0-1,S1~0-1),CMP(S1~0-1,S2~0-1)))",
                "CMP(CMP(CMP(S0~0-1,S1~0-1),CMP(S1~0-1,S2~0-1)),CMP(CMP(S2~0-1,S4~0-1),S2~0-1))",
                "CMP(CMP(CMP(CMP(S1~0-1,S2~0-1),S0~0-1),CMP(S0~0-1,S1~0-1)),CMP(CMP(S0~0-1,S1~0-1),CMP(S1~0-1,S2~0-1)))",
                "CMP(CMP(CMP(S0~0-1,S1~0-1),CMP(S1~0-1,S2~0-1)),CMP(CMP(S1~0-1,S2~0-1),S0~0-1))"
            ],
            "rsynapses": [
                "CMP(S0~0-1,S1~0-1)",
                "CMP(S1~0-1,S2~0-1)"
            ],
            "lastspike": 11,
            "occurs": 4,
            "refractory": 0,
            "level": 2
        },
        {
            "name": "CMP(CMP(CMP(S0~0-1,S1~0-1),CMP(S1~0-1,S2~0-1)),CMP(S0~0-1,S1~0-1))",
            "potential": 0.20866662400000005,
            "fsynapses": [
                "CMP(CMP(CMP(CMP(S0~0-1,S1~0-1),CMP(S1~0-1,S2~0-1)),CMP(S0~0-1,S1~0-1)),CMP(CMP(S0~0-1,S1~0-1),CMP(S1~0-1,S2~0-1)))",
                "CMP(CMP(CMP(CMP(S0~0-1,S1~0-1),CMP(S1~0-1,S2~0-1)),CMP(S0~0-1,S1~0-1)),CMP(CMP(CMP(S2~0-1,S4~0-1),S2~0-1),CMP(S0~0-1,S1~0-1)))",
                "CMP(CMP(CMP(CMP(S0~0-1,S1~0-1),CMP(S1~0-1,S2~0-1)),CMP(CMP(S2~0-1,S4~0-1),S2~0-1)),CMP(CMP(CMP(S0~0-1,S1~0-1),CMP(S1~0-1,S2~0-1)),CMP(S0~0-1,S1~0-1)))"
            ],
            "rsynapses": [
                "CMP(CMP(S0~0-1,S1~0-1),CMP(S1~0-1,S2~0-1))",
                "CMP(S0~0-1,S1~0-1)"
            ],
            "lastspike": 12,
            "occurs": 4,
            "refractory": 0,
            "level": 3
        },
        {
            "name": "CMP(CMP(S1~0-1,S2~0-1),S0~0-1)",
            "potential": 0.16141654491136007,
            "fsynapses": [
                "CMP(CMP(CMP(S1~0-1,S2~0-1),S0~0-1),CMP(S0~0-1,S1~0-1))",
                "CMP(CMP(CMP(S0~0-1,S1~0-1),CMP(S1~0-1,S2~0-1)),CMP(CMP(S1~0-1,S2~0-1),S0~0-1))",
                "CMP(CMP(CMP(CMP(S2~0-1,S3~0-1),S2~0-1),CMP(CMP(S2~0-1,S3~0-1),S3~0-1)),CMP(CMP(S1~0-1,S2~0-1),S0~0-1))",
                "CMP(CMP(CMP(CMP(S2~0-1,S3~0-1),S3~0-1),CMP(S0~0-1,S1~0-1)),CMP(CMP(S1~0-1,S2~0-1),S0~0-1))"
            ],
            "rsynapses": [
                "CMP(S1~0-1,S2~0-1)",
                "S0~0-1"
            ],
            "lastspike": 12,
            "occurs": 3,
            "refractory": 0,
            "level": 2
        },
        {
            "name": "S3~0-1",
            "potential": 0.36504547264,
            "fsynapses": [
                "CMP(S2~0-1,S3~0-1)",
                "CMP(CMP(S2~0-1,S4~0-1),S3~0-1)",
                "CMP(CMP(S2~0-1,S3~0-1),S3~0-1)"
            ],
            "rsynapses": [],
            "lastspike": 41,
            "occurs": 7,
            "refractory": 4,
            "level": 0
        },
        {
            "name": "CMP(CMP(CMP(CMP(S0~0-1,S1~0-1),CMP(S1~0-1,S2~0-1)),CMP(S0~0-1,S1~0-1)),CMP(CMP(S0~0-1,S1~0-1),CMP(S1~0-1,S2~0-1)))",
            "potential": 0.2621440000000001,
            "fsynapses": [],
            "rsynapses": [
                "CMP(CMP(CMP(S0~0-1,S1~0-1),CMP(S1~0-1,S2~0-1)),CMP(S0~0-1,S1~0-1))",
                "CMP(CMP(S0~0-1,S1~0-1),CMP(S1~0-1,S2~0-1))"
            ],
            "lastspike": 13,
            "occurs": 4,
            "refractory": 1,
            "level": 4
        },
        {
            "name": "CMP(CMP(S2~0-1,S4~0-1),S2~0-1)",
            "potential": 0.32604160000000004,
            "fsynapses": [
                "CMP(CMP(CMP(S2~0-1,S4~0-1),S2~0-1),CMP(S0~0-1,S1~0-1))",
                "CMP(CMP(CMP(S0~0-1,S1~0-1),CMP(S1~0-1,S2~0-1)),CMP(CMP(S2~0-1,S4~0-1),S2~0-1))",
                "CMP(CMP(CMP(S2~0-1,S4~0-1),S2~0-1),CMP(S2~0-1,S4~0-1))",
                "CMP(CMP(CMP(CMP(S2~0-1,S4~0-1),S2~0-1),CMP(S0~0-1,S1~0-1)),CMP(CMP(S2~0-1,S4~0-1),S2~0-1))",
                "CMP(CMP(CMP(S1~0-1,S2~0-1),CMP(S2~0-1,S4~0-1)),CMP(CMP(S2~0-1,S4~0-1),S2~0-1))",
                "CMP(CMP(CMP(CMP(S2~0-1,S3~0-1),CMP(S2~0-1,S4~0-1)),CMP(CMP(S2~0-1,S4~0-1),S3~0-1)),CMP(CMP(S2~0-1,S4~0-1),S2~0-1))",
                "CMP(CMP(CMP(CMP(S1~0-1,S2~0-1),S1~0-1),CMP(S0~0-1,S1~0-1)),CMP(CMP(S2~0-1,S4~0-1),S2~0-1))",
                "CMP(CMP(CMP(S2~0-1,S4~0-1),S2~0-1),CMP(CMP(S2~0-1,S4~0-1),S3~0-1))"
            ],
            "rsynapses": [
                "CMP(S2~0-1,S4~0-1)",
                "S2~0-1"
            ],
            "lastspike": 13,
            "occurs": 4,
            "refractory": 2,
            "level": 2
        },
        {
            "name": "CMP(CMP(CMP(S2~0-1,S4~0-1),S2~0-1),CMP(S0~0-1,S1~0-1))",
            "potential": 0.20980299491893475,
            "fsynapses": [
                "CMP(CMP(CMP(CMP(S0~0-1,S1~0-1),CMP(S1~0-1,S2~0-1)),CMP(S0~0-1,S1~0-1)),CMP(CMP(CMP(S2~0-1,S4~0-1),S2~0-1),CMP(S0~0-1,S1~0-1)))",
                "CMP(CMP(CMP(CMP(S2~0-1,S4~0-1),S2~0-1),CMP(S0~0-1,S1~0-1)),CMP(CMP(S2~0-1,S4~0-1),S2~0-1))",
                "CMP(CMP(CMP(CMP(S0~0-1,S1~0-1),CMP(S1~0-1,S2~0-1)),CMP(CMP(S2~0-1,S4~0-1),S2~0-1)),CMP(CMP(CMP(S2~0-1,S4~0-1),S2~0-1),CMP(S0~0-1,S1~0-1)))",
                "CMP(CMP(CMP(CMP(S2~0-1,S4~0-1),S2~0-1),CMP(S0~0-1,S1~0-1)),CMP(CMP(CMP(S2~0-1,S4~0-1),S2~0-1),CMP(S2~0-1,S4~0-1)))"
            ],
            "rsynapses": [
                "CMP(CMP(S2~0-1,S4~0-1),S2~0-1)",
                "CMP(S0~0-1,S1~0-1)"
            ],
            "lastspike": 14,
            "occurs": 5,
            "refractory": 3,
            "level": 3
        },
        {
            "name": "CMP(CMP(S1~0-1,S2~0-1),CMP(S2~0-1,S4~0-1))",
            "potential": 0.24210219008000006,
            "fsynapses": [
                "CMP(CMP(CMP(S1~0-1,S2~0-1),CMP(S2~0-1,S4~0-1)),CMP(CMP(S2~0-1,S4~0-1),S2~0-1))",
                "CMP(CMP(CMP(S1~0-1,S2~0-1),CMP(S2~0-1,S4~0-1)),CMP(CMP(S2~0-1,S4~0-1),S3~0-1))"
            ],
            "rsynapses": [
                "CMP(S1~0-1,S2~0-1)",
                "CMP(S2~0-1,S4~0-1)"
            ],
            "lastspike": 14,
            "occurs": 3,
            "refractory": 2,
            "level": 2
        },
        {
            "name": "CMP(S2~0-1,S3~0-1)",
            "potential": 0.29425752887197404,
            "fsynapses": [
                "CMP(CMP(S2~0-1,S3~0-1),CMP(S2~0-1,S4~0-1))",
                "CMP(CMP(S2~0-1,S3~0-1),S2~0-1)",
                "CMP(CMP(S2~0-1,S3~0-1),S3~0-1)",
                "CMP(CMP(CMP(S2~0-1,S3~0-1),CMP(S2~0-1,S4~0-1)),CMP(S2~0-1,S3~0-1))",
                "CMP(CMP(CMP(CMP(S2~0-1,S3~0-1),CMP(S2~0-1,S4~0-1)),CMP(CMP(S2~0-1,S4~0-1),S3~0-1)),CMP(S2~0-1,S3~0-1))",
                "CMP(CMP(S2~0-1,S3~0-1),S0~0-1)"
            ],
            "rsynapses": [
                "S2~0-1",
                "S3~0-1"
            ],
            "lastspike": 14,
            "occurs": 4,
            "refractory": 5,
            "level": 1
        },
        {
            "name": "CMP(CMP(CMP(CMP(S0~0-1,S1~0-1),CMP(S1~0-1,S2~0-1)),CMP(S0~0-1,S1~0-1)),CMP(CMP(CMP(S2~0-1,S4~0-1),S2~0-1),CMP(S0~0-1,S1~0-1)))",
            "potential": 0.5120000000000001,
            "fsynapses": [],
            "rsynapses": [
                "CMP(CMP(CMP(S0~0-1,S1~0-1),CMP(S1~0-1,S2~0-1)),CMP(S0~0-1,S1~0-1))",
                "CMP(CMP(CMP(S2~0-1,S4~0-1),S2~0-1),CMP(S0~0-1,S1~0-1))"
            ],
            "lastspike": 15,
            "occurs": 5,
            "refractory": 4,
            "level": 4
        },
        {
            "name": "CMP(CMP(CMP(S0~0-1,S1~0-1),CMP(S1~0-1,S2~0-1)),CMP(CMP(S2~0-1,S4~0-1),S2~0-1))",
            "potential": 0.27599421440000005,
            "fsynapses": [
                "CMP(CMP(CMP(CMP(S0~0-1,S1~0-1),CMP(S1~0-1,S2~0-1)),CMP(CMP(S2~0-1,S4~0-1),S2~0-1)),CMP(CMP(CMP(S1~0-1,S2~0-1),S0~0-1),CMP(S0~0-1,S1~0-1)))",
                "CMP(CMP(CMP(CMP(S0~0-1,S1~0-1),CMP(S1~0-1,S2~0-1)),CMP(CMP(S2~0-1,S4~0-1),S2~0-1)),CMP(CMP(CMP(S2~0-1,S4~0-1),S2~0-1),CMP(S2~0-1,S4~0-1)))",
                "CMP(CMP(CMP(CMP(S0~0-1,S1~0-1),CMP(S1~0-1,S2~0-1)),CMP(CMP(S2~0-1,S4~0-1),S2~0-1)),CMP(CMP(CMP(S2~0-1,S4~0-1),S2~0-1),CMP(S0~0-1,S1~0-1)))",
                "CMP(CMP(CMP(CMP(S0~0-1,S1~0-1),CMP(S1~0-1,S2~0-1)),CMP(CMP(S2~0-1,S4~0-1),S2~0-1)),CMP(CMP(CMP(S0~0-1,S1~0-1),CMP(S1~0-1,S2~0-1)),CMP(S0~0-1,S1~0-1)))"
            ],
            "rsynapses": [
                "CMP(CMP(S0~0-1,S1~0-1),CMP(S1~0-1,S2~0-1))",
                "CMP(CMP(S2~0-1,S4~0-1),S2~0-1)"
            ],
            "lastspike": 15,
            "occurs": 3,
            "refractory": 1,
            "level": 3
        },
        {
            "name": "CMP(CMP(S2~0-1,S4~0-1),S3~0-1)",
            "potential": 0.43124096000000006,
            "fsynapses": [
                "CMP(CMP(CMP(S2~0-1,S3~0-1),CMP(S2~0-1,S4~0-1)),CMP(CMP(S2~0-1,S4~0-1),S3~0-1))",
                "CMP(CMP(CMP(S1~0-1,S2~0-1),CMP(S2~0-1,S4~0-1)),CMP(CMP(S2~0-1,S4~0-1),S3~0-1))",
                "CMP(CMP(CMP(CMP(S2~0-1,S3~0-1),CMP(S2~0-1,S4~0-1)),CMP(CMP(S2~0-1,S4~0-1),S3~0-1)),CMP(CMP(S2~0-1,S4~0-1),S3~0-1))",
                "CMP(CMP(CMP(S2~0-1,S4~0-1),S2~0-1),CMP(CMP(S2~0-1,S4~0-1),S3~0-1))",
                "CMP(CMP(CMP(S2~0-1,S3~0-1),S2~0-1),CMP(CMP(S2~0-1,S4~0-1),S3~0-1))"
            ],
            "rsynapses": [
                "CMP(S2~0-1,S4~0-1)",
                "S3~0-1"
            ],
            "lastspike": 15,
            "occurs": 3,
            "refractory": 3,
            "level": 2
        },
        {
            "name": "CMP(CMP(CMP(S2~0-1,S4~0-1),S2~0-1),CMP(S2~0-1,S4~0-1))",
            "potential": 0.2561743798784001,
            "fsynapses": [
                "CMP(CMP(CMP(CMP(S0~0-1,S1~0-1),CMP(S1~0-1,S2~0-1)),CMP(CMP(S2~0-1,S4~0-1),S2~0-1)),CMP(CMP(CMP(S2~0-1,S4~0-1),S2~0-1),CMP(S2~0-1,S4~0-1)))",
                "CMP(CMP(CMP(CMP(S1~0-1,S2~0-1),CMP(S2~0-1,S4~0-1)),CMP(CMP(S2~0-1,S4~0-1),S2~0-1)),CMP(CMP(CMP(S2~0-1,S4~0-1),S2~0-1),CMP(S2~0-1,S4~0-1)))",
                "CMP(CMP(CMP(CMP(S2~0-1,S4~0-1),S2~0-1),CMP(S0~0-1,S1~0-1)),CMP(CMP(CMP(S2~0-1,S4~0-1),S2~0-1),CMP(S2~0-1,S4~0-1)))"
            ],
            "rsynapses": [
                "CMP(CMP(S2~0-1,S4~0-1),S2~0-1)",
                "CMP(S2~0-1,S4~0-1)"
            ],
            "lastspike": 17,
            "occurs": 3,
            "refractory": 3,
            "level": 3
        },
        {
            "name": "CMP(CMP(CMP(CMP(S2~0-1,S4~0-1),S2~0-1),CMP(S0~0-1,S1~0-1)),CMP(CMP(S2~0-1,S4~0-1),S2~0-1))",
            "potential": 0.5120000000000001,
            "fsynapses": [],
            "rsynapses": [
                "CMP(CMP(CMP(S2~0-1,S4~0-1),S2~0-1),CMP(S0~0-1,S1~0-1))",
                "CMP(CMP(S2~0-1,S4~0-1),S2~0-1)"
            ],
            "lastspike": 18,
            "occurs": 4,
            "refractory": 4,
            "level": 4
        },
        {
            "name": "CMP(CMP(CMP(S1~0-1,S2~0-1),S0~0-1),CMP(S0~0-1,S1~0-1))",
            "potential": 0.14877501246537736,
            "fsynapses": [
                "CMP(CMP(CMP(CMP(S1~0-1,S2~0-1),S0~0-1),CMP(S0~0-1,S1~0-1)),CMP(CMP(S0~0-1,S1~0-1),CMP(S1~0-1,S2~0-1)))",
                "CMP(CMP(CMP(CMP(S0~0-1,S1~0-1),CMP(S1~0-1,S2~0-1)),CMP(CMP(S2~0-1,S4~0-1),S2~0-1)),CMP(CMP(CMP(S1~0-1,S2~0-1),S0~0-1),CMP(S0~0-1,S1~0-1)))",
                "CMP(CMP(CMP(CMP(S1~0-1,S2~0-1),CMP(S2~0-1,S4~0-1)),CMP(CMP(S2~0-1,S4~0-1),S2~0-1)),CMP(CMP(CMP(S1~0-1,S2~0-1),S0~0-1),CMP(S0~0-1,S1~0-1)))",
                "CMP(CMP(CMP(CMP(S0~0-1,S1~0-1),CMP(S1~0-1,S2~0-1)),CMP(CMP(S1~0-1,S2~0-1),S0~0-1)),CMP(CMP(CMP(S1~0-1,S2~0-1),S0~0-1),CMP(S0~0-1,S1~0-1)))",
                "CMP(CMP(CMP(CMP(S1~0-1,S2~0-1),S0~0-1),CMP(S0~0-1,S1~0-1)),CMP(CMP(CMP(S2~0-1,S3~0-1),CMP(S2~0-1,S4~0-1)),CMP(CMP(S2~0-1,S4~0-1),S3~0-1)))"
            ],
            "rsynapses": [
                "CMP(CMP(S1~0-1,S2~0-1),S0~0-1)",
                "CMP(S0~0-1,S1~0-1)"
            ],
            "lastspike": 22,
            "occurs": 3,
            "refractory": 0,
            "level": 3
        },
        {
            "name": "CMP(CMP(CMP(CMP(S1~0-1,S2~0-1),S0~0-1),CMP(S0~0-1,S1~0-1)),CMP(CMP(S0~0-1,S1~0-1),CMP(S1~0-1,S2~0-1)))",
            "potential": 0.2621440000000001,
            "fsynapses": [],
            "rsynapses": [
                "CMP(CMP(CMP(S1~0-1,S2~0-1),S0~0-1),CMP(S0~0-1,S1~0-1))",
                "CMP(CMP(S0~0-1,S1~0-1),CMP(S1~0-1,S2~0-1))"
            ],
            "lastspike": 23,
            "occurs": 3,
            "refractory": 1,
            "level": 4
        },
        {
            "name": "CMP(CMP(CMP(CMP(S0~0-1,S1~0-1),CMP(S1~0-1,S2~0-1)),CMP(CMP(S2~0-1,S4~0-1),S2~0-1)),CMP(CMP(CMP(S1~0-1,S2~0-1),S0~0-1),CMP(S0~0-1,S1~0-1)))",
            "potential": 0.22190489600000005,
            "fsynapses": [],
            "rsynapses": [
                "CMP(CMP(CMP(S0~0-1,S1~0-1),CMP(S1~0-1,S2~0-1)),CMP(CMP(S2~0-1,S4~0-1),S2~0-1))",
                "CMP(CMP(CMP(S1~0-1,S2~0-1),S0~0-1),CMP(S0~0-1,S1~0-1))"
            ],
            "lastspike": 24,
            "occurs": 3,
            "refractory": 1,
            "level": 4
        },
        {
            "name": "CMP(CMP(CMP(S0~0-1,S1~0-1),CMP(S1~0-1,S2~0-1)),CMP(CMP(S1~0-1,S2~0-1),S0~0-1))",
            "potential": 0.09964727172412276,
            "fsynapses": [
                "CMP(CMP(CMP(CMP(S0~0-1,S1~0-1),CMP(S1~0-1,S2~0-1)),CMP(CMP(S1~0-1,S2~0-1),S0~0-1)),CMP(CMP(CMP(S1~0-1,S2~0-1),S0~0-1),CMP(S0~0-1,S1~0-1)))"
            ],
            "rsynapses": [
                "CMP(CMP(S0~0-1,S1~0-1),CMP(S1~0-1,S2~0-1))",
                "CMP(CMP(S1~0-1,S2~0-1),S0~0-1)"
            ],
            "lastspike": 24,
            "occurs": 2,
            "refractory": 0,
            "level": 3
        },
        {
            "name": "CMP(CMP(CMP(S1~0-1,S2~0-1),CMP(S2~0-1,S4~0-1)),CMP(CMP(S2~0-1,S4~0-1),S2~0-1))",
            "potential": 0.2905761962214401,
            "fsynapses": [
                "CMP(CMP(CMP(CMP(S1~0-1,S2~0-1),CMP(S2~0-1,S4~0-1)),CMP(CMP(S2~0-1,S4~0-1),S2~0-1)),CMP(CMP(CMP(S1~0-1,S2~0-1),S0~0-1),CMP(S0~0-1,S1~0-1)))",
                "CMP(CMP(CMP(CMP(S1~0-1,S2~0-1),CMP(S2~0-1,S4~0-1)),CMP(CMP(S2~0-1,S4~0-1),S2~0-1)),CMP(CMP(CMP(S2~0-1,S4~0-1),S2~0-1),CMP(S2~0-1,S4~0-1)))",
                "CMP(CMP(CMP(CMP(S1~0-1,S2~0-1),CMP(S2~0-1,S4~0-1)),CMP(CMP(S2~0-1,S4~0-1),S2~0-1)),CMP(CMP(CMP(S2~0-1,S3~0-1),CMP(S2~0-1,S4~0-1)),CMP(CMP(S2~0-1,S4~0-1),S3~0-1)))",
                "CMP(CMP(CMP(CMP(S1~0-1,S2~0-1),CMP(S2~0-1,S4~0-1)),CMP(CMP(S2~0-1,S4~0-1),S2~0-1)),CMP(CMP(CMP(S1~0-1,S2~0-1),CMP(S2~0-1,S4~0-1)),CMP(CMP(S2~0-1,S4~0-1),S3~0-1)))"
            ],
            "rsynapses": [
                "CMP(CMP(S1~0-1,S2~0-1),CMP(S2~0-1,S4~0-1))",
                "CMP(CMP(S2~0-1,S4~0-1),S2~0-1)"
            ],
            "lastspike": 25,
            "occurs": 3,
            "refractory": 3,
            "level": 3
        },
        {
            "name": "CMP(CMP(S2~0-1,S3~0-1),CMP(S2~0-1,S4~0-1))",
            "potential": 0.3899809829433437,
            "fsynapses": [
                "CMP(CMP(CMP(S2~0-1,S3~0-1),CMP(S2~0-1,S4~0-1)),CMP(CMP(S2~0-1,S4~0-1),S3~0-1))",
                "CMP(CMP(CMP(S2~0-1,S3~0-1),CMP(S2~0-1,S4~0-1)),CMP(S1~0-1,S2~0-1))",
                "CMP(CMP(CMP(S2~0-1,S3~0-1),CMP(S2~0-1,S4~0-1)),CMP(S2~0-1,S4~0-1))",
                "CMP(CMP(CMP(S2~0-1,S3~0-1),CMP(S2~0-1,S4~0-1)),CMP(S2~0-1,S3~0-1))",
                "CMP(CMP(CMP(CMP(S2~0-1,S3~0-1),CMP(S2~0-1,S4~0-1)),CMP(S2~0-1,S3~0-1)),CMP(CMP(S2~0-1,S3~0-1),CMP(S2~0-1,S4~0-1)))",
                "CMP(CMP(CMP(S2~0-1,S3~0-1),CMP(S2~0-1,S4~0-1)),CMP(CMP(S2~0-1,S3~0-1),S2~0-1))"
            ],
            "rsynapses": [
                "CMP(S2~0-1,S3~0-1)",
                "CMP(S2~0-1,S4~0-1)"
            ],
            "lastspike": 25,
            "occurs": 4,
            "refractory": 6,
            "level": 2
        },
        {
            "name": "CMP(CMP(CMP(CMP(S0~0-1,S1~0-1),CMP(S1~0-1,S2~0-1)),CMP(CMP(S2~0-1,S4~0-1),S2~0-1)),CMP(CMP(CMP(S2~0-1,S4~0-1),S2~0-1),CMP(S2~0-1,S4~0-1)))",
            "potential": 0.30414848000000005,
            "fsynapses": [],
            "rsynapses": [
                "CMP(CMP(CMP(S0~0-1,S1~0-1),CMP(S1~0-1,S2~0-1)),CMP(CMP(S2~0-1,S4~0-1),S2~0-1))",
                "CMP(CMP(CMP(S2~0-1,S4~0-1),S2~0-1),CMP(S2~0-1,S4~0-1))"
            ],
            "lastspike": 26,
            "occurs": 3,
            "refractory": 2,
            "level": 4
        },
        {
            "name": "CMP(CMP(CMP(CMP(S1~0-1,S2~0-1),CMP(S2~0-1,S4~0-1)),CMP(CMP(S2~0-1,S4~0-1),S2~0-1)),CMP(CMP(CMP(S1~0-1,S2~0-1),S0~0-1),CMP(S0~0-1,S1~0-1)))",
            "potential": 0.34672640000000005,
            "fsynapses": [],
            "rsynapses": [
                "CMP(CMP(CMP(S1~0-1,S2~0-1),CMP(S2~0-1,S4~0-1)),CMP(CMP(S2~0-1,S4~0-1),S2~0-1))",
                "CMP(CMP(CMP(S1~0-1,S2~0-1),S0~0-1),CMP(S0~0-1,S1~0-1))"
            ],
            "lastspike": 26,
            "occurs": 3,
            "refractory": 1,
            "level": 4
        },
        {
            "name": "CMP(CMP(CMP(S2~0-1,S3~0-1),CMP(S2~0-1,S4~0-1)),CMP(CMP(S2~0-1,S4~0-1),S3~0-1))",
            "potential": 0.3911573464040923,
            "fsynapses": [
                "CMP(CMP(CMP(CMP(S2~0-1,S3~0-1),CMP(S2~0-1,S4~0-1)),CMP(CMP(S2~0-1,S4~0-1),S3~0-1)),CMP(CMP(S2~0-1,S4~0-1),S2~0-1))",
                "CMP(CMP(CMP(CMP(S1~0-1,S2~0-1),CMP(S2~0-1,S4~0-1)),CMP(CMP(S2~0-1,S4~0-1),S2~0-1)),CMP(CMP(CMP(S2~0-1,S3~0-1),CMP(S2~0-1,S4~0-1)),CMP(CMP(S2~0-1,S4~0-1),S3~0-1)))",
                "CMP(CMP(CMP(CMP(S2~0-1,S3~0-1),CMP(S2~0-1,S4~0-1)),CMP(CMP(S2~0-1,S4~0-1),S3~0-1)),CMP(CMP(S2~0-1,S4~0-1),S3~0-1))",
                "CMP(CMP(CMP(CMP(S2~0-1,S3~0-1),CMP(S2~0-1,S4~0-1)),CMP(CMP(S2~0-1,S4~0-1),S3~0-1)),CMP(S2~0-1,S3~0-1))",
                "CMP(CMP(CMP(CMP(S2~0-1,S3~0-1),CMP(S2~0-1,S4~0-1)),CMP(CMP(S2~0-1,S4~0-1),S3~0-1)),CMP(CMP(CMP(S2~0-1,S3~0-1),CMP(S2~0-1,S4~0-1)),CMP(S1~0-1,S2~0-1)))",
                "CMP(CMP(CMP(CMP(S1~0-1,S2~0-1),S0~0-1),CMP(S0~0-1,S1~0-1)),CMP(CMP(CMP(S2~0-1,S3~0-1),CMP(S2~0-1,S4~0-1)),CMP(CMP(S2~0-1,S4~0-1),S3~0-1)))"
            ],
            "rsynapses": [
                "CMP(CMP(S2~0-1,S3~0-1),CMP(S2~0-1,S4~0-1))",
                "CMP(CMP(S2~0-1,S4~0-1),S3~0-1)"
            ],
            "lastspike": 26,
            "occurs": 4,
            "refractory": 7,
            "level": 3
        },
        {
            "name": "CMP(CMP(S2~0-1,S3~0-1),S2~0-1)",
            "potential": 0.42566663899000007,
            "fsynapses": [
                "CMP(CMP(CMP(S2~0-1,S3~0-1),S2~0-1),CMP(CMP(S2~0-1,S3~0-1),S3~0-1))",
                "CMP(CMP(CMP(S2~0-1,S3~0-1),CMP(S2~0-1,S4~0-1)),CMP(CMP(S2~0-1,S3~0-1),S2~0-1))",
                "CMP(CMP(CMP(S1~0-1,S2~0-1),S1~0-1),CMP(CMP(S2~0-1,S3~0-1),S2~0-1))",
                "CMP(CMP(CMP(S2~0-1,S3~0-1),S2~0-1),CMP(CMP(S2~0-1,S4~0-1),S3~0-1))"
            ],
            "rsynapses": [
                "CMP(S2~0-1,S3~0-1)",
                "S2~0-1"
            ],
            "lastspike": 26,
            "occurs": 3,
            "refractory": 6,
            "level": 2
        },
        {
            "name": "CMP(CMP(CMP(CMP(S2~0-1,S3~0-1),CMP(S2~0-1,S4~0-1)),CMP(CMP(S2~0-1,S4~0-1),S3~0-1)),CMP(CMP(S2~0-1,S4~0-1),S2~0-1))",
            "potential": 0.8465,
            "fsynapses": [],
            "rsynapses": [
                "CMP(CMP(CMP(S2~0-1,S3~0-1),CMP(S2~0-1,S4~0-1)),CMP(CMP(S2~0-1,S4~0-1),S3~0-1))",
                "CMP(CMP(S2~0-1,S4~0-1),S2~0-1)"
            ],
            "lastspike": 27,
            "occurs": 3,
            "refractory": 0,
            "level": 4
        },
        {
            "name": "CMP(CMP(CMP(S1~0-1,S2~0-1),CMP(S2~0-1,S4~0-1)),CMP(CMP(S2~0-1,S4~0-1),S3~0-1))",
            "potential": 0.2574616883200001,
            "fsynapses": [
                "CMP(CMP(CMP(CMP(S1~0-1,S2~0-1),CMP(S2~0-1,S4~0-1)),CMP(CMP(S2~0-1,S4~0-1),S2~0-1)),CMP(CMP(CMP(S1~0-1,S2~0-1),CMP(S2~0-1,S4~0-1)),CMP(CMP(S2~0-1,S4~0-1),S3~0-1)))",
                "CMP(CMP(CMP(CMP(S1~0-1,S2~0-1),CMP(S2~0-1,S4~0-1)),CMP(CMP(S2~0-1,S4~0-1),S3~0-1)),CMP(CMP(CMP(S2~0-1,S3~0-1),S3~0-1),CMP(S0~0-1,S1~0-1)))",
                "CMP(CMP(CMP(CMP(S1~0-1,S2~0-1),CMP(S2~0-1,S4~0-1)),CMP(CMP(S2~0-1,S4~0-1),S3~0-1)),CMP(CMP(CMP(S1~0-1,S2~0-1),S1~0-1),CMP(S0~0-1,S1~0-1)))"
            ],
            "rsynapses": [
                "CMP(CMP(S1~0-1,S2~0-1),CMP(S2~0-1,S4~0-1))",
                "CMP(CMP(S2~0-1,S4~0-1),S3~0-1)"
            ],
            "lastspike": 27,
            "occurs": 2,
            "refractory": 3,
            "level": 3
        },
        {
            "name": "CMP(CMP(CMP(S2~0-1,S3~0-1),CMP(S2~0-1,S4~0-1)),CMP(S1~0-1,S2~0-1))",
            "potential": 0.6285685750000001,
            "fsynapses": [
                "CMP(CMP(CMP(CMP(S2~0-1,S3~0-1),CMP(S2~0-1,S4~0-1)),CMP(CMP(S2~0-1,S4~0-1),S3~0-1)),CMP(CMP(CMP(S2~0-1,S3~0-1),CMP(S2~0-1,S4~0-1)),CMP(S1~0-1,S2~0-1)))",
                "CMP(CMP(CMP(CMP(S2~0-1,S3~0-1),CMP(S2~0-1,S4~0-1)),CMP(S1~0-1,S2~0-1)),CMP(CMP(CMP(S2~0-1,S3~0-1),CMP(S2~0-1,S4~0-1)),CMP(S2~0-1,S4~0-1)))"
            ],
            "rsynapses": [
                "CMP(CMP(S2~0-1,S3~0-1),CMP(S2~0-1,S4~0-1))",
                "CMP(S1~0-1,S2~0-1)"
            ],
            "lastspike": 27,
            "occurs": 3,
            "refractory": 7,
            "level": 3
        },
        {
            "name": "CMP(CMP(CMP(CMP(S0~0-1,S1~0-1),CMP(S1~0-1,S2~0-1)),CMP(CMP(S2~0-1,S4~0-1),S2~0-1)),CMP(CMP(CMP(S2~0-1,S4~0-1),S2~0-1),CMP(S0~0-1,S1~0-1)))",
            "potential": 0.5120000000000001,
            "fsynapses": [],
            "rsynapses": [
                "CMP(CMP(CMP(S0~0-1,S1~0-1),CMP(S1~0-1,S2~0-1)),CMP(CMP(S2~0-1,S4~0-1),S2~0-1))",
                "CMP(CMP(CMP(S2~0-1,S4~0-1),S2~0-1),CMP(S0~0-1,S1~0-1))"
            ],
            "lastspike": 28,
            "occurs": 3,
            "refractory": 4,
            "level": 4
        },
        {
            "name": "CMP(CMP(CMP(CMP(S1~0-1,S2~0-1),CMP(S2~0-1,S4~0-1)),CMP(CMP(S2~0-1,S4~0-1),S2~0-1)),CMP(CMP(CMP(S2~0-1,S4~0-1),S2~0-1),CMP(S2~0-1,S4~0-1)))",
            "potential": 0.5120000000000001,
            "fsynapses": [],
            "rsynapses": [
                "CMP(CMP(CMP(S1~0-1,S2~0-1),CMP(S2~0-1,S4~0-1)),CMP(CMP(S2~0-1,S4~0-1),S2~0-1))",
                "CMP(CMP(CMP(S2~0-1,S4~0-1),S2~0-1),CMP(S2~0-1,S4~0-1))"
            ],
            "lastspike": 28,
            "occurs": 2,
            "refractory": 4,
            "level": 4
        },
        {
            "name": "CMP(CMP(CMP(S2~0-1,S3~0-1),CMP(S2~0-1,S4~0-1)),CMP(S2~0-1,S4~0-1))",
            "potential": 0.6254257321250001,
            "fsynapses": [
                "CMP(CMP(CMP(CMP(S2~0-1,S3~0-1),CMP(S2~0-1,S4~0-1)),CMP(S2~0-1,S3~0-1)),CMP(CMP(CMP(S2~0-1,S3~0-1),CMP(S2~0-1,S4~0-1)),CMP(S2~0-1,S4~0-1)))",
                "CMP(CMP(CMP(CMP(S2~0-1,S3~0-1),CMP(S2~0-1,S4~0-1)),CMP(S1~0-1,S2~0-1)),CMP(CMP(CMP(S2~0-1,S3~0-1),CMP(S2~0-1,S4~0-1)),CMP(S2~0-1,S4~0-1)))",
                "CMP(CMP(CMP(CMP(S2~0-1,S3~0-1),CMP(S2~0-1,S4~0-1)),CMP(S2~0-1,S4~0-1)),CMP(CMP(CMP(S2~0-1,S3~0-1),S2~0-1),CMP(CMP(S2~0-1,S3~0-1),S3~0-1)))"
            ],
            "rsynapses": [
                "CMP(CMP(S2~0-1,S3~0-1),CMP(S2~0-1,S4~0-1))",
                "CMP(S2~0-1,S4~0-1)"
            ],
            "lastspike": 28,
            "occurs": 3,
            "refractory": 7,
            "level": 3
        },
        {
            "name": "CMP(CMP(S2~0-1,S3~0-1),S3~0-1)",
            "potential": 0.5003405857000001,
            "fsynapses": [
                "CMP(CMP(CMP(S2~0-1,S3~0-1),S2~0-1),CMP(CMP(S2~0-1,S3~0-1),S3~0-1))",
                "CMP(CMP(CMP(S2~0-1,S3~0-1),S3~0-1),CMP(S0~0-1,S1~0-1))",
                "CMP(CMP(CMP(S1~0-1,S2~0-1),S1~0-1),CMP(CMP(S2~0-1,S3~0-1),S3~0-1))",
                "CMP(CMP(CMP(S2~0-1,S3~0-1),S0~0-1),CMP(CMP(S2~0-1,S3~0-1),S3~0-1))"
            ],
            "rsynapses": [
                "CMP(S2~0-1,S3~0-1)",
                "S3~0-1"
            ],
            "lastspike": 28,
            "occurs": 3,
            "refractory": 6,
            "level": 2
        },
        {
            "name": "CMP(CMP(CMP(CMP(S2~0-1,S4~0-1),S2~0-1),CMP(S0~0-1,S1~0-1)),CMP(CMP(CMP(S2~0-1,S4~0-1),S2~0-1),CMP(S2~0-1,S4~0-1)))",
            "potential": 0.5120000000000001,
            "fsynapses": [],
            "rsynapses": [
                "CMP(CMP(CMP(S2~0-1,S4~0-1),S2~0-1),CMP(S0~0-1,S1~0-1))",
                "CMP(CMP(CMP(S2~0-1,S4~0-1),S2~0-1),CMP(S2~0-1,S4~0-1))"
            ],
            "lastspike": 29,
            "occurs": 3,
            "refractory": 4,
            "level": 4
        },
        {
            "name": "CMP(CMP(CMP(CMP(S1~0-1,S2~0-1),CMP(S2~0-1,S4~0-1)),CMP(CMP(S2~0-1,S4~0-1),S2~0-1)),CMP(CMP(CMP(S2~0-1,S3~0-1),CMP(S2~0-1,S4~0-1)),CMP(CMP(S2~0-1,S4~0-1),S3~0-1)))",
            "potential": 0.6285685750000001,
            "fsynapses": [],
            "rsynapses": [
                "CMP(CMP(CMP(S1~0-1,S2~0-1),CMP(S2~0-1,S4~0-1)),CMP(CMP(S2~0-1,S4~0-1),S2~0-1))",
                "CMP(CMP(CMP(S2~0-1,S3~0-1),CMP(S2~0-1,S4~0-1)),CMP(CMP(S2~0-1,S4~0-1),S3~0-1))"
            ],
            "lastspike": 29,
            "occurs": 2,
            "refractory": 0,
            "level": 4
        },
        {
            "name": "CMP(CMP(CMP(CMP(S2~0-1,S3~0-1),CMP(S2~0-1,S4~0-1)),CMP(CMP(S2~0-1,S4~0-1),S3~0-1)),CMP(CMP(S2~0-1,S4~0-1),S3~0-1))",
            "potential": 0.6254257321250001,
            "fsynapses": [],
            "rsynapses": [
                "CMP(CMP(CMP(S2~0-1,S3~0-1),CMP(S2~0-1,S4~0-1)),CMP(CMP(S2~0-1,S4~0-1),S3~0-1))",
                "CMP(CMP(S2~0-1,S4~0-1),S3~0-1)"
            ],
            "lastspike": 30,
            "occurs": 2,
            "refractory": 0,
            "level": 4
        },
        {
            "name": "CMP(CMP(CMP(S2~0-1,S3~0-1),CMP(S2~0-1,S4~0-1)),CMP(S2~0-1,S3~0-1))",
            "potential": 0.5278307001215,
            "fsynapses": [
                "CMP(CMP(CMP(CMP(S2~0-1,S3~0-1),CMP(S2~0-1,S4~0-1)),CMP(S2~0-1,S3~0-1)),CMP(CMP(S2~0-1,S3~0-1),CMP(S2~0-1,S4~0-1)))",
                "CMP(CMP(CMP(CMP(S2~0-1,S3~0-1),CMP(S2~0-1,S4~0-1)),CMP(S2~0-1,S3~0-1)),CMP(CMP(CMP(S2~0-1,S3~0-1),CMP(S2~0-1,S4~0-1)),CMP(S2~0-1,S4~0-1)))",
                "CMP(CMP(CMP(CMP(S2~0-1,S3~0-1),CMP(S2~0-1,S4~0-1)),CMP(S2~0-1,S3~0-1)),CMP(CMP(CMP(S2~0-1,S3~0-1),S2~0-1),CMP(CMP(S2~0-1,S3~0-1),S3~0-1)))"
            ],
            "rsynapses": [
                "CMP(CMP(S2~0-1,S3~0-1),CMP(S2~0-1,S4~0-1))",
                "CMP(S2~0-1,S3~0-1)"
            ],
            "lastspike": 30,
            "occurs": 3,
            "refractory": 6,
            "level": 3
        },
        {
            "name": "CMP(CMP(CMP(CMP(S2~0-1,S3~0-1),CMP(S2~0-1,S4~0-1)),CMP(CMP(S2~0-1,S4~0-1),S3~0-1)),CMP(S2~0-1,S3~0-1))",
            "potential": 0.622298603464375,
            "fsynapses": [],
            "rsynapses": [
                "CMP(CMP(CMP(S2~0-1,S3~0-1),CMP(S2~0-1,S4~0-1)),CMP(CMP(S2~0-1,S4~0-1),S3~0-1))",
                "CMP(S2~0-1,S3~0-1)"
            ],
            "lastspike": 31,
            "occurs": 3,
            "refractory": 6,
            "level": 4
        },
        {
            "name": "CMP(CMP(CMP(CMP(S2~0-1,S3~0-1),CMP(S2~0-1,S4~0-1)),CMP(S2~0-1,S3~0-1)),CMP(CMP(S2~0-1,S3~0-1),CMP(S2~0-1,S4~0-1)))",
            "potential": 1.0,
            "fsynapses": [],
            "rsynapses": [
                "CMP(CMP(CMP(S2~0-1,S3~0-1),CMP(S2~0-1,S4~0-1)),CMP(S2~0-1,S3~0-1))",
                "CMP(CMP(S2~0-1,S3~0-1),CMP(S2~0-1,S4~0-1))"
            ],
            "lastspike": 34,
            "occurs": 3,
            "refractory": 7,
            "level": 4
        },
        {
            "name": "CMP(CMP(CMP(S2~0-1,S3~0-1),S2~0-1),CMP(CMP(S2~0-1,S3~0-1),S3~0-1))",
            "potential": 0.8296965522790625,
            "fsynapses": [
                "CMP(CMP(CMP(CMP(S2~0-1,S3~0-1),S2~0-1),CMP(CMP(S2~0-1,S3~0-1),S3~0-1)),CMP(CMP(S1~0-1,S2~0-1),S0~0-1))",
                "CMP(CMP(CMP(CMP(S2~0-1,S3~0-1),S2~0-1),CMP(CMP(S2~0-1,S3~0-1),S3~0-1)),CMP(CMP(CMP(S2~0-1,S3~0-1),S3~0-1),CMP(S0~0-1,S1~0-1)))",
                "CMP(CMP(CMP(CMP(S2~0-1,S3~0-1),CMP(S2~0-1,S4~0-1)),CMP(S2~0-1,S3~0-1)),CMP(CMP(CMP(S2~0-1,S3~0-1),S2~0-1),CMP(CMP(S2~0-1,S3~0-1),S3~0-1)))",
                "CMP(CMP(CMP(CMP(S2~0-1,S3~0-1),CMP(S2~0-1,S4~0-1)),CMP(S2~0-1,S4~0-1)),CMP(CMP(CMP(S2~0-1,S3~0-1),S2~0-1),CMP(CMP(S2~0-1,S3~0-1),S3~0-1)))",
                "CMP(CMP(CMP(CMP(S2~0-1,S3~0-1),CMP(S2~0-1,S4~0-1)),CMP(CMP(S2~0-1,S3~0-1),S2~0-1)),CMP(CMP(CMP(S2~0-1,S3~0-1),S2~0-1),CMP(CMP(S2~0-1,S3~0-1),S3~0-1)))"
            ],
            "rsynapses": [
                "CMP(CMP(S2~0-1,S3~0-1),S2~0-1)",
                "CMP(CMP(S2~0-1,S3~0-1),S3~0-1)"
            ],
            "lastspike": 34,
            "occurs": 3,
            "refractory": 7,
            "level": 3
        },
        {
            "name": "CMP(CMP(CMP(CMP(S2~0-1,S3~0-1),CMP(S2~0-1,S4~0-1)),CMP(CMP(S2~0-1,S4~0-1),S3~0-1)),CMP(CMP(CMP(S2~0-1,S3~0-1),CMP(S2~0-1,S4~0-1)),CMP(S1~0-1,S2~0-1)))",
            "potential": 0.74255,
            "fsynapses": [],
            "rsynapses": [
                "CMP(CMP(CMP(S2~0-1,S3~0-1),CMP(S2~0-1,S4~0-1)),CMP(CMP(S2~0-1,S4~0-1),S3~0-1))",
                "CMP(CMP(CMP(S2~0-1,S3~0-1),CMP(S2~0-1,S4~0-1)),CMP(S1~0-1,S2~0-1))"
            ],
            "lastspike": 35,
            "occurs": 2,
            "refractory": 0,
            "level": 4
        },
        {
            "name": "CMP(CMP(CMP(CMP(S2~0-1,S3~0-1),CMP(S2~0-1,S4~0-1)),CMP(S2~0-1,S3~0-1)),CMP(CMP(CMP(S2~0-1,S3~0-1),CMP(S2~0-1,S4~0-1)),CMP(S2~0-1,S4~0-1)))",
            "potential": 0.74255,
            "fsynapses": [],
            "rsynapses": [
                "CMP(CMP(CMP(S2~0-1,S3~0-1),CMP(S2~0-1,S4~0-1)),CMP(S2~0-1,S3~0-1))",
                "CMP(CMP(CMP(S2~0-1,S3~0-1),CMP(S2~0-1,S4~0-1)),CMP(S2~0-1,S4~0-1))"
            ],
            "lastspike": 35,
            "occurs": 2,
            "refractory": 0,
            "level": 4
        },
        {
            "name": "CMP(CMP(CMP(CMP(S2~0-1,S3~0-1),S2~0-1),CMP(CMP(S2~0-1,S3~0-1),S3~0-1)),CMP(CMP(S1~0-1,S2~0-1),S0~0-1))",
            "potential": 0.995,
            "fsynapses": [],
            "rsynapses": [
                "CMP(CMP(CMP(S2~0-1,S3~0-1),S2~0-1),CMP(CMP(S2~0-1,S3~0-1),S3~0-1))",
                "CMP(CMP(S1~0-1,S2~0-1),S0~0-1)"
            ],
            "lastspike": 35,
            "occurs": 2,
            "refractory": 0,
            "level": 4
        },
        {
            "name": "CMP(CMP(CMP(S2~0-1,S3~0-1),CMP(S2~0-1,S4~0-1)),CMP(CMP(S2~0-1,S3~0-1),S2~0-1))",
            "potential": 0.995,
            "fsynapses": [
                "CMP(CMP(CMP(CMP(S2~0-1,S3~0-1),CMP(S2~0-1,S4~0-1)),CMP(CMP(S2~0-1,S3~0-1),S2~0-1)),CMP(CMP(CMP(S2~0-1,S3~0-1),S2~0-1),CMP(CMP(S2~0-1,S3~0-1),S3~0-1)))",
                "CMP(CMP(CMP(CMP(S2~0-1,S3~0-1),CMP(S2~0-1,S4~0-1)),CMP(CMP(S2~0-1,S3~0-1),S2~0-1)),CMP(CMP(CMP(S2~0-1,S3~0-1),S3~0-1),CMP(S0~0-1,S1~0-1)))"
            ],
            "rsynapses": [
                "CMP(CMP(S2~0-1,S3~0-1),CMP(S2~0-1,S4~0-1))",
                "CMP(CMP(S2~0-1,S3~0-1),S2~0-1)"
            ],
            "lastspike": 35,
            "occurs": 2,
            "refractory": 7,
            "level": 3
        },
        {
            "name": "CMP(CMP(CMP(S2~0-1,S3~0-1),S3~0-1),CMP(S0~0-1,S1~0-1))",
            "potential": 0.5028548600000001,
            "fsynapses": [
                "CMP(CMP(CMP(CMP(S2~0-1,S3~0-1),S2~0-1),CMP(CMP(S2~0-1,S3~0-1),S3~0-1)),CMP(CMP(CMP(S2~0-1,S3~0-1),S3~0-1),CMP(S0~0-1,S1~0-1)))",
                "CMP(CMP(CMP(CMP(S2~0-1,S3~0-1),S3~0-1),CMP(S0~0-1,S1~0-1)),CMP(CMP(S1~0-1,S2~0-1),S0~0-1))",
                "CMP(CMP(CMP(CMP(S1~0-1,S2~0-1),S1~0-1),CMP(S0~0-1,S1~0-1)),CMP(CMP(CMP(S2~0-1,S3~0-1),S3~0-1),CMP(S0~0-1,S1~0-1)))",
                "CMP(CMP(CMP(CMP(S1~0-1,S2~0-1),CMP(S2~0-1,S4~0-1)),CMP(CMP(S2~0-1,S4~0-1),S3~0-1)),CMP(CMP(CMP(S2~0-1,S3~0-1),S3~0-1),CMP(S0~0-1,S1~0-1)))",
                "CMP(CMP(CMP(CMP(S2~0-1,S3~0-1),CMP(S2~0-1,S4~0-1)),CMP(CMP(S2~0-1,S3~0-1),S2~0-1)),CMP(CMP(CMP(S2~0-1,S3~0-1),S3~0-1),CMP(S0~0-1,S1~0-1)))"
            ],
            "rsynapses": [
                "CMP(CMP(S2~0-1,S3~0-1),S3~0-1)",
                "CMP(S0~0-1,S1~0-1)"
            ],
            "lastspike": 35,
            "occurs": 2,
            "refractory": 0,
            "level": 3
        },
        {
            "name": "CMP(CMP(S2~0-1,S3~0-1),S0~0-1)",
            "potential": 0.8,
            "fsynapses": [
                "CMP(CMP(CMP(S2~0-1,S3~0-1),S0~0-1),CMP(CMP(S2~0-1,S3~0-1),S3~0-1))"
            ],
            "rsynapses": [
                "CMP(S2~0-1,S3~0-1)",
                "S0~0-1"
            ],
            "lastspike": 35,
            "occurs": 2,
            "refractory": 6,
            "level": 2
        },
        {
            "name": "CMP(CMP(CMP(CMP(S0~0-1,S1~0-1),CMP(S1~0-1,S2~0-1)),CMP(CMP(S1~0-1,S2~0-1),S0~0-1)),CMP(CMP(CMP(S1~0-1,S2~0-1),S0~0-1),CMP(S0~0-1,S1~0-1)))",
            "potential": 0.2621440000000001,
            "fsynapses": [],
            "rsynapses": [
                "CMP(CMP(CMP(S0~0-1,S1~0-1),CMP(S1~0-1,S2~0-1)),CMP(CMP(S1~0-1,S2~0-1),S0~0-1))",
                "CMP(CMP(CMP(S1~0-1,S2~0-1),S0~0-1),CMP(S0~0-1,S1~0-1))"
            ],
            "lastspike": 36,
            "occurs": 2,
            "refractory": 1,
            "level": 4
        },
        {
            "name": "CMP(CMP(CMP(CMP(S2~0-1,S3~0-1),S2~0-1),CMP(CMP(S2~0-1,S3~0-1),S3~0-1)),CMP(CMP(CMP(S2~0-1,S3~0-1),S3~0-1),CMP(S0~0-1,S1~0-1)))",
            "potential": 0.8422675,
            "fsynapses": [],
            "rsynapses": [
                "CMP(CMP(CMP(S2~0-1,S3~0-1),S2~0-1),CMP(CMP(S2~0-1,S3~0-1),S3~0-1))",
                "CMP(CMP(CMP(S2~0-1,S3~0-1),S3~0-1),CMP(S0~0-1,S1~0-1))"
            ],
            "lastspike": 36,
            "occurs": 2,
            "refractory": 1,
            "level": 4
        },
        {
            "name": "CMP(CMP(CMP(CMP(S0~0-1,S1~0-1),CMP(S1~0-1,S2~0-1)),CMP(CMP(S2~0-1,S4~0-1),S2~0-1)),CMP(CMP(CMP(S0~0-1,S1~0-1),CMP(S1~0-1,S2~0-1)),CMP(S0~0-1,S1~0-1)))",
            "potential": 0.32768000000000014,
            "fsynapses": [],
            "rsynapses": [
                "CMP(CMP(CMP(S0~0-1,S1~0-1),CMP(S1~0-1,S2~0-1)),CMP(CMP(S2~0-1,S4~0-1),S2~0-1))",
                "CMP(CMP(CMP(S0~0-1,S1~0-1),CMP(S1~0-1,S2~0-1)),CMP(S0~0-1,S1~0-1))"
            ],
            "lastspike": 37,
            "occurs": 2,
            "refractory": 2,
            "level": 4
        },
        {
            "name": "CMP(CMP(CMP(CMP(S1~0-1,S2~0-1),S0~0-1),CMP(S0~0-1,S1~0-1)),CMP(CMP(CMP(S2~0-1,S3~0-1),CMP(S2~0-1,S4~0-1)),CMP(CMP(S2~0-1,S4~0-1),S3~0-1)))",
            "potential": 0.3911573464040923,
            "fsynapses": [],
            "rsynapses": [
                "CMP(CMP(CMP(S1~0-1,S2~0-1),S0~0-1),CMP(S0~0-1,S1~0-1))",
                "CMP(CMP(CMP(S2~0-1,S3~0-1),CMP(S2~0-1,S4~0-1)),CMP(CMP(S2~0-1,S4~0-1),S3~0-1))"
            ],
            "lastspike": 37,
            "occurs": 1,
            "refractory": 0,
            "level": 4
        },
        {
            "name": "CMP(CMP(CMP(CMP(S2~0-1,S3~0-1),CMP(S2~0-1,S4~0-1)),CMP(S1~0-1,S2~0-1)),CMP(CMP(CMP(S2~0-1,S3~0-1),CMP(S2~0-1,S4~0-1)),CMP(S2~0-1,S4~0-1)))",
            "potential": 0.6285685750000001,
            "fsynapses": [],
            "rsynapses": [
                "CMP(CMP(CMP(S2~0-1,S3~0-1),CMP(S2~0-1,S4~0-1)),CMP(S1~0-1,S2~0-1))",
                "CMP(CMP(CMP(S2~0-1,S3~0-1),CMP(S2~0-1,S4~0-1)),CMP(S2~0-1,S4~0-1))"
            ],
            "lastspike": 37,
            "occurs": 1,
            "refractory": 0,
            "level": 4
        },
        {
            "name": "CMP(CMP(CMP(CMP(S2~0-1,S3~0-1),CMP(S2~0-1,S4~0-1)),CMP(S2~0-1,S3~0-1)),CMP(CMP(CMP(S2~0-1,S3~0-1),S2~0-1),CMP(CMP(S2~0-1,S3~0-1),S3~0-1)))",
            "potential": 0.8380561624999999,
            "fsynapses": [],
            "rsynapses": [
                "CMP(CMP(CMP(S2~0-1,S3~0-1),CMP(S2~0-1,S4~0-1)),CMP(S2~0-1,S3~0-1))",
                "CMP(CMP(CMP(S2~0-1,S3~0-1),S2~0-1),CMP(CMP(S2~0-1,S3~0-1),S3~0-1))"
            ],
            "lastspike": 37,
            "occurs": 2,
            "refractory": 7,
            "level": 4
        },
        {
            "name": "CMP(CMP(CMP(CMP(S2~0-1,S3~0-1),S3~0-1),CMP(S0~0-1,S1~0-1)),CMP(CMP(S1~0-1,S2~0-1),S0~0-1))",
            "potential": 0.04194304000000002,
            "fsynapses": [],
            "rsynapses": [
                "CMP(CMP(CMP(S2~0-1,S3~0-1),S3~0-1),CMP(S0~0-1,S1~0-1))",
                "CMP(CMP(S1~0-1,S2~0-1),S0~0-1)"
            ],
            "lastspike": 37,
            "occurs": 1,
            "refractory": 0,
            "level": 4
        },
        {
            "name": "CMP(CMP(S1~0-1,S2~0-1),S1~0-1)",
            "potential": 0.32604160000000004,
            "fsynapses": [
                "CMP(CMP(CMP(S1~0-1,S2~0-1),S1~0-1),CMP(S0~0-1,S1~0-1))",
                "CMP(CMP(CMP(S1~0-1,S2~0-1),S1~0-1),CMP(CMP(S2~0-1,S3~0-1),S2~0-1))",
                "CMP(CMP(CMP(S1~0-1,S2~0-1),S1~0-1),CMP(S1~0-1,S2~0-1))",
                "CMP(CMP(CMP(S1~0-1,S2~0-1),S1~0-1),CMP(CMP(S2~0-1,S3~0-1),S3~0-1))"
            ],
            "rsynapses": [
                "CMP(S1~0-1,S2~0-1)",
                "S1~0-1"
            ],
            "lastspike": 37,
            "occurs": 2,
            "refractory": 2,
            "level": 2
        },
        {
            "name": "CMP(CMP(CMP(S1~0-1,S2~0-1),S1~0-1),CMP(S0~0-1,S1~0-1))",
            "potential": 0.407552,
            "fsynapses": [
                "CMP(CMP(CMP(CMP(S1~0-1,S2~0-1),S1~0-1),CMP(S0~0-1,S1~0-1)),CMP(CMP(CMP(S2~0-1,S3~0-1),S3~0-1),CMP(S0~0-1,S1~0-1)))",
                "CMP(CMP(CMP(CMP(S1~0-1,S2~0-1),S1~0-1),CMP(S0~0-1,S1~0-1)),CMP(CMP(S2~0-1,S4~0-1),S2~0-1))",
                "CMP(CMP(CMP(CMP(S1~0-1,S2~0-1),CMP(S2~0-1,S4~0-1)),CMP(CMP(S2~0-1,S4~0-1),S3~0-1)),CMP(CMP(CMP(S1~0-1,S2~0-1),S1~0-1),CMP(S0~0-1,S1~0-1)))"
            ],
            "rsynapses": [
                "CMP(CMP(S1~0-1,S2~0-1),S1~0-1)",
                "CMP(S0~0-1,S1~0-1)"
            ],
            "lastspike": 38,
            "occurs": 2,
            "refractory": 3,
            "level": 3
        },
        {
            "name": "CMP(CMP(CMP(CMP(S1~0-1,S2~0-1),CMP(S2~0-1,S4~0-1)),CMP(CMP(S2~0-1,S4~0-1),S2~0-1)),CMP(CMP(CMP(S1~0-1,S2~0-1),CMP(S2~0-1,S4~0-1)),CMP(CMP(S2~0-1,S4~0-1),S3~0-1)))",
            "potential": 0.5120000000000001,
            "fsynapses": [],
            "rsynapses": [
                "CMP(CMP(CMP(S1~0-1,S2~0-1),CMP(S2~0-1,S4~0-1)),CMP(CMP(S2~0-1,S4~0-1),S2~0-1))",
                "CMP(CMP(CMP(S1~0-1,S2~0-1),CMP(S2~0-1,S4~0-1)),CMP(CMP(S2~0-1,S4~0-1),S3~0-1))"
            ],
            "lastspike": 39,
            "occurs": 2,
            "refractory": 4,
            "level": 4
        },
        {
            "name": "CMP(CMP(CMP(CMP(S2~0-1,S3~0-1),CMP(S2~0-1,S4~0-1)),CMP(S2~0-1,S4~0-1)),CMP(CMP(CMP(S2~0-1,S3~0-1),S2~0-1),CMP(CMP(S2~0-1,S3~0-1),S3~0-1)))",
            "potential": 0.8338658816875,
            "fsynapses": [],
            "rsynapses": [
                "CMP(CMP(CMP(S2~0-1,S3~0-1),CMP(S2~0-1,S4~0-1)),CMP(S2~0-1,S4~0-1))",
                "CMP(CMP(CMP(S2~0-1,S3~0-1),S2~0-1),CMP(CMP(S2~0-1,S3~0-1),S3~0-1))"
            ],
            "lastspike": 39,
            "occurs": 1,
            "refractory": 0,
            "level": 4
        },
        {
            "name": "CMP(CMP(CMP(CMP(S1~0-1,S2~0-1),S1~0-1),CMP(S0~0-1,S1~0-1)),CMP(CMP(CMP(S2~0-1,S3~0-1),S3~0-1),CMP(S0~0-1,S1~0-1)))",
            "potential": 0.5120000000000001,
            "fsynapses": [],
            "rsynapses": [
                "CMP(CMP(CMP(S1~0-1,S2~0-1),S1~0-1),CMP(S0~0-1,S1~0-1))",
                "CMP(CMP(CMP(S2~0-1,S3~0-1),S3~0-1),CMP(S0~0-1,S1~0-1))"
            ],
            "lastspike": 39,
            "occurs": 2,
            "refractory": 4,
            "level": 4
        },
        {
            "name": "CMP(CMP(CMP(S1~0-1,S2~0-1),S1~0-1),CMP(CMP(S2~0-1,S3~0-1),S2~0-1))",
            "potential": 0.995,
            "fsynapses": [
                "CMP(CMP(CMP(CMP(S1~0-1,S2~0-1),S1~0-1),CMP(CMP(S2~0-1,S3~0-1),S2~0-1)),CMP(CMP(CMP(S1~0-1,S2~0-1),S1~0-1),CMP(CMP(S2~0-1,S3~0-1),S3~0-1)))"
            ],
            "rsynapses": [
                "CMP(CMP(S1~0-1,S2~0-1),S1~0-1)",
                "CMP(CMP(S2~0-1,S3~0-1),S2~0-1)"
            ],
            "lastspike": 39,
            "occurs": 2,
            "refractory": 7,
            "level": 3
        },
        {
            "name": "CMP(CMP(CMP(CMP(S1~0-1,S2~0-1),CMP(S2~0-1,S4~0-1)),CMP(CMP(S2~0-1,S4~0-1),S3~0-1)),CMP(CMP(CMP(S2~0-1,S3~0-1),S3~0-1),CMP(S0~0-1,S1~0-1)))",
            "potential": 0.08192000000000003,
            "fsynapses": [],
            "rsynapses": [
                "CMP(CMP(CMP(S1~0-1,S2~0-1),CMP(S2~0-1,S4~0-1)),CMP(CMP(S2~0-1,S4~0-1),S3~0-1))",
                "CMP(CMP(CMP(S2~0-1,S3~0-1),S3~0-1),CMP(S0~0-1,S1~0-1))"
            ],
            "lastspike": 40,
            "occurs": 1,
            "refractory": 0,
            "level": 4
        },
        {
            "name": "CMP(CMP(CMP(CMP(S1~0-1,S2~0-1),S1~0-1),CMP(S0~0-1,S1~0-1)),CMP(CMP(S2~0-1,S4~0-1),S2~0-1))",
            "potential": 0.08192000000000003,
            "fsynapses": [],
            "rsynapses": [
                "CMP(CMP(CMP(S1~0-1,S2~0-1),S1~0-1),CMP(S0~0-1,S1~0-1))",
                "CMP(CMP(S2~0-1,S4~0-1),S2~0-1)"
            ],
            "lastspike": 40,
            "occurs": 1,
            "refractory": 0,
            "level": 4
        },
        {
            "name": "CMP(CMP(CMP(S1~0-1,S2~0-1),S1~0-1),CMP(S1~0-1,S2~0-1))",
            "potential": 0.08192000000000003,
            "fsynapses": [],
            "rsynapses": [
                "CMP(CMP(S1~0-1,S2~0-1),S1~0-1)",
                "CMP(S1~0-1,S2~0-1)"
            ],
            "lastspike": 40,
            "occurs": 1,
            "refractory": 0,
            "level": 3
        },
        {
            "name": "CMP(CMP(CMP(CMP(S1~0-1,S2~0-1),CMP(S2~0-1,S4~0-1)),CMP(CMP(S2~0-1,S4~0-1),S3~0-1)),CMP(CMP(CMP(S1~0-1,S2~0-1),S1~0-1),CMP(S0~0-1,S1~0-1)))",
            "potential": 0.10240000000000003,
            "fsynapses": [],
            "rsynapses": [
                "CMP(CMP(CMP(S1~0-1,S2~0-1),CMP(S2~0-1,S4~0-1)),CMP(CMP(S2~0-1,S4~0-1),S3~0-1))",
                "CMP(CMP(CMP(S1~0-1,S2~0-1),S1~0-1),CMP(S0~0-1,S1~0-1))"
            ],
            "lastspike": 41,
            "occurs": 1,
            "refractory": 0,
            "level": 4
        },
        {
            "name": "CMP(CMP(CMP(S2~0-1,S4~0-1),S2~0-1),CMP(CMP(S2~0-1,S4~0-1),S3~0-1))",
            "potential": 0.10240000000000003,
            "fsynapses": [],
            "rsynapses": [
                "CMP(CMP(S2~0-1,S4~0-1),S2~0-1)",
                "CMP(CMP(S2~0-1,S4~0-1),S3~0-1)"
            ],
            "lastspike": 41,
            "occurs": 1,
            "refractory": 0,
            "level": 3
        },
        {
            "name": "CMP(CMP(CMP(S1~0-1,S2~0-1),S1~0-1),CMP(CMP(S2~0-1,S3~0-1),S3~0-1))",
            "potential": 0.995,
            "fsynapses": [
                "CMP(CMP(CMP(CMP(S1~0-1,S2~0-1),S1~0-1),CMP(CMP(S2~0-1,S3~0-1),S2~0-1)),CMP(CMP(CMP(S1~0-1,S2~0-1),S1~0-1),CMP(CMP(S2~0-1,S3~0-1),S3~0-1)))"
            ],
            "rsynapses": [
                "CMP(CMP(S1~0-1,S2~0-1),S1~0-1)",
                "CMP(CMP(S2~0-1,S3~0-1),S3~0-1)"
            ],
            "lastspike": 41,
            "occurs": 2,
            "refractory": 7,
            "level": 3
        },
        {
            "name": "CMP(CMP(CMP(CMP(S2~0-1,S3~0-1),CMP(S2~0-1,S4~0-1)),CMP(CMP(S2~0-1,S3~0-1),S2~0-1)),CMP(CMP(CMP(S2~0-1,S3~0-1),S2~0-1),CMP(CMP(S2~0-1,S3~0-1),S3~0-1)))",
            "potential": 0.995,
            "fsynapses": [],
            "rsynapses": [
                "CMP(CMP(CMP(S2~0-1,S3~0-1),CMP(S2~0-1,S4~0-1)),CMP(CMP(S2~0-1,S3~0-1),S2~0-1))",
                "CMP(CMP(CMP(S2~0-1,S3~0-1),S2~0-1),CMP(CMP(S2~0-1,S3~0-1),S3~0-1))"
            ],
            "lastspike": 43,
            "occurs": 1,
            "refractory": 0,
            "level": 4
        },
        {
            "name": "CMP(CMP(CMP(CMP(S1~0-1,S2~0-1),S1~0-1),CMP(CMP(S2~0-1,S3~0-1),S2~0-1)),CMP(CMP(CMP(S1~0-1,S2~0-1),S1~0-1),CMP(CMP(S2~0-1,S3~0-1),S3~0-1)))",
            "potential": 0.995,
            "fsynapses": [],
            "rsynapses": [
                "CMP(CMP(CMP(S1~0-1,S2~0-1),S1~0-1),CMP(CMP(S2~0-1,S3~0-1),S2~0-1))",
                "CMP(CMP(CMP(S1~0-1,S2~0-1),S1~0-1),CMP(CMP(S2~0-1,S3~0-1),S3~0-1))"
            ],
            "lastspike": 43,
            "occurs": 1,
            "refractory": 0,
            "level": 4
        },
        {
            "name": "CMP(CMP(CMP(S2~0-1,S3~0-1),S2~0-1),CMP(CMP(S2~0-1,S4~0-1),S3~0-1))",
            "potential": 0.16000000000000003,
            "fsynapses": [],
            "rsynapses": [
                "CMP(CMP(S2~0-1,S3~0-1),S2~0-1)",
                "CMP(CMP(S2~0-1,S4~0-1),S3~0-1)"
            ],
            "lastspike": 43,
            "occurs": 1,
            "refractory": 0,
            "level": 3
        },
        {
            "name": "CMP(CMP(CMP(S2~0-1,S3~0-1),S0~0-1),CMP(CMP(S2~0-1,S3~0-1),S3~0-1))",
            "potential": 0.16000000000000003,
            "fsynapses": [],
            "rsynapses": [
                "CMP(CMP(S2~0-1,S3~0-1),S0~0-1)",
                "CMP(CMP(S2~0-1,S3~0-1),S3~0-1)"
            ],
            "lastspike": 43,
            "occurs": 1,
            "refractory": 0,
            "level": 3
        },
        {
            "name": "CMP(CMP(CMP(CMP(S2~0-1,S3~0-1),CMP(S2~0-1,S4~0-1)),CMP(CMP(S2~0-1,S3~0-1),S2~0-1)),CMP(CMP(CMP(S2~0-1,S3~0-1),S3~0-1),CMP(S0~0-1,S1~0-1)))",
            "potential": 0.2,
            "fsynapses": [],
            "rsynapses": [
                "CMP(CMP(CMP(S2~0-1,S3~0-1),CMP(S2~0-1,S4~0-1)),CMP(CMP(S2~0-1,S3~0-1),S2~0-1))",
                "CMP(CMP(CMP(S2~0-1,S3~0-1),S3~0-1),CMP(S0~0-1,S1~0-1))"
            ],
            "lastspike": 44,
            "occurs": 1,
            "refractory": 0,
            "level": 4
        }
    ],
    "synapses": [
        {
            "fref": "CMP(S0~0-1,S1~0-1)",
            "rref": "S0~0-1",
            "wgt": 0.6604300000000001,
            "occurs": 3,
            "lastspike": 35
        },
        {
            "fref": "CMP(S0~0-1,S1~0-1)",
            "rref": "S1~0-1",
            "wgt": 0.6604300000000001,
            "occurs": 3,
            "lastspike": 37
        },
        {
            "fref": "CMP(S1~0-1,S2~0-1)",
            "rref": "S1~0-1",
            "wgt": 0.307,
            "occurs": 3,
            "lastspike": 37
        },
        {
            "fref": "CMP(S1~0-1,S2~0-1)",
            "rref": "S2~0-1",
            "wgt": 0.307,
            "occurs": 3,
            "lastspike": 38
        },
        {
            "fref": "CMP(S2~0-1,S4~0-1)",
            "rref": "S2~0-1",
            "wgt": 0.307,
            "occurs": 3,
            "lastspike": 38
        },
        {
            "fref": "CMP(S2~0-1,S4~0-1)",
            "rref": "S4~0-1",
            "wgt": 0.307,
            "occurs": 0,
            "lastspike": ""
        },
        {
            "fref": "CMP(CMP(S0~0-1,S1~0-1),CMP(S1~0-1,S2~0-1))",
            "rref": "CMP(S0~0-1,S1~0-1)",
            "wgt": 0.762301,
            "occurs": 3,
            "lastspike": 36
        },
        {
            "fref": "CMP(CMP(S0~0-1,S1~0-1),CMP(S1~0-1,S2~0-1))",
            "rref": "CMP(S1~0-1,S2~0-1)",
            "wgt": 0.762301,
            "occurs": 3,
            "lastspike": 38
        },
        {
            "fref": "CMP(CMP(CMP(S0~0-1,S1~0-1),CMP(S1~0-1,S2~0-1)),CMP(S0~0-1,S1~0-1))",
            "rref": "CMP(CMP(S0~0-1,S1~0-1),CMP(S1~0-1,S2~0-1))",
            "wgt": 0.01,
            "occurs": 3,
            "lastspike": 37
        },
        {
            "fref": "CMP(CMP(CMP(S0~0-1,S1~0-1),CMP(S1~0-1,S2~0-1)),CMP(S0~0-1,S1~0-1))",
            "rref": "CMP(S0~0-1,S1~0-1)",
            "wgt": 0.01,
            "occurs": 2,
            "lastspike": 36
        },
        {
            "fref": "CMP(CMP(S1~0-1,S2~0-1),S0~0-1)",
            "rref": "CMP(S1~0-1,S2~0-1)",
            "wgt": 0.01,
            "occurs": 2,
            "lastspike": 38
        },
        {
            "fref": "CMP(CMP(S1~0-1,S2~0-1),S0~0-1)",
            "rref": "S0~0-1",
            "wgt": 0.01,
            "occurs": 2,
            "lastspike": 35
        },
        {
            "fref": "CMP(CMP(CMP(CMP(S0~0-1,S1~0-1),CMP(S1~0-1,S2~0-1)),CMP(S0~0-1,S1~0-1)),CMP(CMP(S0~0-1,S1~0-1),CMP(S1~0-1,S2~0-1)))",
            "rref": "CMP(CMP(CMP(S0~0-1,S1~0-1),CMP(S1~0-1,S2~0-1)),CMP(S0~0-1,S1~0-1))",
            "wgt": 0.307,
            "occurs": 3,
            "lastspike": 37
        },
        {
            "fref": "CMP(CMP(CMP(CMP(S0~0-1,S1~0-1),CMP(S1~0-1,S2~0-1)),CMP(S0~0-1,S1~0-1)),CMP(CMP(S0~0-1,S1~0-1),CMP(S1~0-1,S2~0-1)))",
            "rref": "CMP(CMP(S0~0-1,S1~0-1),CMP(S1~0-1,S2~0-1))",
            "wgt": 0.307,
            "occurs": 2,
            "lastspike": 37
        },
        {
            "fref": "CMP(CMP(S2~0-1,S4~0-1),S2~0-1)",
            "rref": "CMP(S2~0-1,S4~0-1)",
            "wgt": 0.01,
            "occurs": 3,
            "lastspike": 39
        },
        {
            "fref": "CMP(CMP(S2~0-1,S4~0-1),S2~0-1)",
            "rref": "S2~0-1",
            "wgt": 0.01,
            "occurs": 2,
            "lastspike": 38
        },
        {
            "fref": "CMP(CMP(CMP(S2~0-1,S4~0-1),S2~0-1),CMP(S0~0-1,S1~0-1))",
            "rref": "CMP(CMP(S2~0-1,S4~0-1),S2~0-1)",
            "wgt": 0.01,
            "occurs": 3,
            "lastspike": 39
        },
        {
            "fref": "CMP(CMP(CMP(S2~0-1,S4~0-1),S2~0-1),CMP(S0~0-1,S1~0-1))",
            "rref": "CMP(S0~0-1,S1~0-1)",
            "wgt": 0.01,
            "occurs": 2,
            "lastspike": 36
        },
        {
            "fref": "CMP(CMP(S1~0-1,S2~0-1),CMP(S2~0-1,S4~0-1))",
            "rref": "CMP(S1~0-1,S2~0-1)",
            "wgt": 0.6604300000000001,
            "occurs": 2,
            "lastspike": 38
        },
        {
            "fref": "CMP(CMP(S1~0-1,S2~0-1),CMP(S2~0-1,S4~0-1))",
            "rref": "CMP(S2~0-1,S4~0-1)",
            "wgt": 0.6604300000000001,
            "occurs": 2,
            "lastspike": 39
        },
        {
            "fref": "CMP(S2~0-1,S3~0-1)",
            "rref": "S2~0-1",
            "wgt": 0.01,
            "occurs": 2,
            "lastspike": 38
        },
        {
            "fref": "CMP(S2~0-1,S3~0-1)",
            "rref": "S3~0-1",
            "wgt": 0.01,
            "occurs": 2,
            "lastspike": 41
        },
        {
            "fref": "CMP(CMP(CMP(CMP(S0~0-1,S1~0-1),CMP(S1~0-1,S2~0-1)),CMP(S0~0-1,S1~0-1)),CMP(CMP(CMP(S2~0-1,S4~0-1),S2~0-1),CMP(S0~0-1,S1~0-1)))",
            "rref": "CMP(CMP(CMP(S0~0-1,S1~0-1),CMP(S1~0-1,S2~0-1)),CMP(S0~0-1,S1~0-1))",
            "wgt": 0.972034950349,
            "occurs": 2,
            "lastspike": 37
        },
        {
            "fref": "CMP(CMP(CMP(CMP(S0~0-1,S1~0-1),CMP(S1~0-1,S2~0-1)),CMP(S0~0-1,S1~0-1)),CMP(CMP(CMP(S2~0-1,S4~0-1),S2~0-1),CMP(S0~0-1,S1~0-1)))",
            "rref": "CMP(CMP(CMP(S2~0-1,S4~0-1),S2~0-1),CMP(S0~0-1,S1~0-1))",
            "wgt": 0.972034950349,
            "occurs": 4,
            "lastspike": 40
        },
        {
            "fref": "CMP(CMP(CMP(S0~0-1,S1~0-1),CMP(S1~0-1,S2~0-1)),CMP(CMP(S2~0-1,S4~0-1),S2~0-1))",
            "rref": "CMP(CMP(S0~0-1,S1~0-1),CMP(S1~0-1,S2~0-1))",
            "wgt": 0.307,
            "occurs": 2,
            "lastspike": 37
        },
        {
            "fref": "CMP(CMP(CMP(S0~0-1,S1~0-1),CMP(S1~0-1,S2~0-1)),CMP(CMP(S2~0-1,S4~0-1),S2~0-1))",
            "rref": "CMP(CMP(S2~0-1,S4~0-1),S2~0-1)",
            "wgt": 0.307,
            "occurs": 2,
            "lastspike": 39
        },
        {
            "fref": "CMP(CMP(S2~0-1,S4~0-1),S3~0-1)",
            "rref": "CMP(S2~0-1,S4~0-1)",
            "wgt": 0.307,
            "occurs": 2,
            "lastspike": 39
        },
        {
            "fref": "CMP(CMP(S2~0-1,S4~0-1),S3~0-1)",
            "rref": "S3~0-1",
            "wgt": 0.307,
            "occurs": 2,
            "lastspike": 41
        },
        {
            "fref": "CMP(CMP(CMP(S2~0-1,S4~0-1),S2~0-1),CMP(S2~0-1,S4~0-1))",
            "rref": "CMP(CMP(S2~0-1,S4~0-1),S2~0-1)",
            "wgt": 0.01,
            "occurs": 2,
            "lastspike": 39
        },
        {
            "fref": "CMP(CMP(CMP(S2~0-1,S4~0-1),S2~0-1),CMP(S2~0-1,S4~0-1))",
            "rref": "CMP(S2~0-1,S4~0-1)",
            "wgt": 0.01,
            "occurs": 2,
            "lastspike": 39
        },
        {
            "fref": "CMP(CMP(CMP(CMP(S2~0-1,S4~0-1),S2~0-1),CMP(S0~0-1,S1~0-1)),CMP(CMP(S2~0-1,S4~0-1),S2~0-1))",
            "rref": "CMP(CMP(CMP(S2~0-1,S4~0-1),S2~0-1),CMP(S0~0-1,S1~0-1))",
            "wgt": 0.01,
            "occurs": 3,
            "lastspike": 40
        },
        {
            "fref": "CMP(CMP(CMP(CMP(S2~0-1,S4~0-1),S2~0-1),CMP(S0~0-1,S1~0-1)),CMP(CMP(S2~0-1,S4~0-1),S2~0-1))",
            "rref": "CMP(CMP(S2~0-1,S4~0-1),S2~0-1)",
            "wgt": 0.01,
            "occurs": 2,
            "lastspike": 39
        },
        {
            "fref": "CMP(CMP(CMP(S1~0-1,S2~0-1),S0~0-1),CMP(S0~0-1,S1~0-1))",
            "rref": "CMP(CMP(S1~0-1,S2~0-1),S0~0-1)",
            "wgt": 0.307,
            "occurs": 2,
            "lastspike": 36
        },
        {
            "fref": "CMP(CMP(CMP(S1~0-1,S2~0-1),S0~0-1),CMP(S0~0-1,S1~0-1))",
            "rref": "CMP(S0~0-1,S1~0-1)",
            "wgt": 0.307,
            "occurs": 2,
            "lastspike": 36
        },
        {
            "fref": "CMP(CMP(CMP(CMP(S1~0-1,S2~0-1),S0~0-1),CMP(S0~0-1,S1~0-1)),CMP(CMP(S0~0-1,S1~0-1),CMP(S1~0-1,S2~0-1)))",
            "rref": "CMP(CMP(CMP(S1~0-1,S2~0-1),S0~0-1),CMP(S0~0-1,S1~0-1))",
            "wgt": 0.01,
            "occurs": 2,
            "lastspike": 37
        },
        {
            "fref": "CMP(CMP(CMP(CMP(S1~0-1,S2~0-1),S0~0-1),CMP(S0~0-1,S1~0-1)),CMP(CMP(S0~0-1,S1~0-1),CMP(S1~0-1,S2~0-1)))",
            "rref": "CMP(CMP(S0~0-1,S1~0-1),CMP(S1~0-1,S2~0-1))",
            "wgt": 0.01,
            "occurs": 2,
            "lastspike": 37
        },
        {
            "fref": "CMP(CMP(CMP(CMP(S0~0-1,S1~0-1),CMP(S1~0-1,S2~0-1)),CMP(CMP(S2~0-1,S4~0-1),S2~0-1)),CMP(CMP(CMP(S1~0-1,S2~0-1),S0~0-1),CMP(S0~0-1,S1~0-1)))",
            "rref": "CMP(CMP(CMP(S0~0-1,S1~0-1),CMP(S1~0-1,S2~0-1)),CMP(CMP(S2~0-1,S4~0-1),S2~0-1))",
            "wgt": 0.307,
            "occurs": 2,
            "lastspike": 38
        },
        {
            "fref": "CMP(CMP(CMP(CMP(S0~0-1,S1~0-1),CMP(S1~0-1,S2~0-1)),CMP(CMP(S2~0-1,S4~0-1),S2~0-1)),CMP(CMP(CMP(S1~0-1,S2~0-1),S0~0-1),CMP(S0~0-1,S1~0-1)))",
            "rref": "CMP(CMP(CMP(S1~0-1,S2~0-1),S0~0-1),CMP(S0~0-1,S1~0-1))",
            "wgt": 0.307,
            "occurs": 1,
            "lastspike": 37
        },
        {
            "fref": "CMP(CMP(CMP(S0~0-1,S1~0-1),CMP(S1~0-1,S2~0-1)),CMP(CMP(S1~0-1,S2~0-1),S0~0-1))",
            "rref": "CMP(CMP(S0~0-1,S1~0-1),CMP(S1~0-1,S2~0-1))",
            "wgt": 0.762301,
            "occurs": 1,
            "lastspike": 37
        },
        {
            "fref": "CMP(CMP(CMP(S0~0-1,S1~0-1),CMP(S1~0-1,S2~0-1)),CMP(CMP(S1~0-1,S2~0-1),S0~0-1))",
            "rref": "CMP(CMP(S1~0-1,S2~0-1),S0~0-1)",
            "wgt": 0.762301,
            "occurs": 1,
            "lastspike": 36
        },
        {
            "fref": "CMP(CMP(CMP(S1~0-1,S2~0-1),CMP(S2~0-1,S4~0-1)),CMP(CMP(S2~0-1,S4~0-1),S2~0-1))",
            "rref": "CMP(CMP(S1~0-1,S2~0-1),CMP(S2~0-1,S4~0-1))",
            "wgt": 0.762301,
            "occurs": 2,
            "lastspike": 39
        },
        {
            "fref": "CMP(CMP(CMP(S1~0-1,S2~0-1),CMP(S2~0-1,S4~0-1)),CMP(CMP(S2~0-1,S4~0-1),S2~0-1))",
            "rref": "CMP(CMP(S2~0-1,S4~0-1),S2~0-1)",
            "wgt": 0.762301,
            "occurs": 2,
            "lastspike": 39
        },
        {
            "fref": "CMP(CMP(S2~0-1,S3~0-1),CMP(S2~0-1,S4~0-1))",
            "rref": "CMP(S2~0-1,S3~0-1)",
            "wgt": 0.307,
            "occurs": 3,
            "lastspike": 42
        },
        {
            "fref": "CMP(CMP(S2~0-1,S3~0-1),CMP(S2~0-1,S4~0-1))",
            "rref": "CMP(S2~0-1,S4~0-1)",
            "wgt": 0.307,
            "occurs": 2,
            "lastspike": 39
        },
        {
            "fref": "CMP(CMP(CMP(CMP(S0~0-1,S1~0-1),CMP(S1~0-1,S2~0-1)),CMP(CMP(S2~0-1,S4~0-1),S2~0-1)),CMP(CMP(CMP(S2~0-1,S4~0-1),S2~0-1),CMP(S2~0-1,S4~0-1)))",
            "rref": "CMP(CMP(CMP(S0~0-1,S1~0-1),CMP(S1~0-1,S2~0-1)),CMP(CMP(S2~0-1,S4~0-1),S2~0-1))",
            "wgt": 0.762301,
            "occurs": 1,
            "lastspike": 38
        },
        {
            "fref": "CMP(CMP(CMP(CMP(S0~0-1,S1~0-1),CMP(S1~0-1,S2~0-1)),CMP(CMP(S2~0-1,S4~0-1),S2~0-1)),CMP(CMP(CMP(S2~0-1,S4~0-1),S2~0-1),CMP(S2~0-1,S4~0-1)))",
            "rref": "CMP(CMP(CMP(S2~0-1,S4~0-1),S2~0-1),CMP(S2~0-1,S4~0-1))",
            "wgt": 0.762301,
            "occurs": 2,
            "lastspike": 40
        },
        {
            "fref": "CMP(CMP(CMP(CMP(S1~0-1,S2~0-1),CMP(S2~0-1,S4~0-1)),CMP(CMP(S2~0-1,S4~0-1),S2~0-1)),CMP(CMP(CMP(S1~0-1,S2~0-1),S0~0-1),CMP(S0~0-1,S1~0-1)))",
            "rref": "CMP(CMP(CMP(S1~0-1,S2~0-1),CMP(S2~0-1,S4~0-1)),CMP(CMP(S2~0-1,S4~0-1),S2~0-1))",
            "wgt": 0.307,
            "occurs": 2,
            "lastspike": 40
        },
        {
            "fref": "CMP(CMP(CMP(CMP(S1~0-1,S2~0-1),CMP(S2~0-1,S4~0-1)),CMP(CMP(S2~0-1,S4~0-1),S2~0-1)),CMP(CMP(CMP(S1~0-1,S2~0-1),S0~0-1),CMP(S0~0-1,S1~0-1)))",
            "rref": "CMP(CMP(CMP(S1~0-1,S2~0-1),S0~0-1),CMP(S0~0-1,S1~0-1))",
            "wgt": 0.307,
            "occurs": 1,
            "lastspike": 37
        },
        {
            "fref": "CMP(CMP(CMP(S2~0-1,S3~0-1),CMP(S2~0-1,S4~0-1)),CMP(CMP(S2~0-1,S4~0-1),S3~0-1))",
            "rref": "CMP(CMP(S2~0-1,S3~0-1),CMP(S2~0-1,S4~0-1))",
            "wgt": 0.6604300000000001,
            "occurs": 3,
            "lastspike": 43
        },
        {
            "fref": "CMP(CMP(CMP(S2~0-1,S3~0-1),CMP(S2~0-1,S4~0-1)),CMP(CMP(S2~0-1,S4~0-1),S3~0-1))",
            "rref": "CMP(CMP(S2~0-1,S4~0-1),S3~0-1)",
            "wgt": 0.6604300000000001,
            "occurs": 2,
            "lastspike": 40
        },
        {
            "fref": "CMP(CMP(S2~0-1,S3~0-1),S2~0-1)",
            "rref": "CMP(S2~0-1,S3~0-1)",
            "wgt": 0.5149,
            "occurs": 2,
            "lastspike": 42
        },
        {
            "fref": "CMP(CMP(S2~0-1,S3~0-1),S2~0-1)",
            "rref": "S2~0-1",
            "wgt": 0.5149,
            "occurs": 1,
            "lastspike": 38
        },
        {
            "fref": "CMP(CMP(CMP(CMP(S2~0-1,S3~0-1),CMP(S2~0-1,S4~0-1)),CMP(CMP(S2~0-1,S4~0-1),S3~0-1)),CMP(CMP(S2~0-1,S4~0-1),S2~0-1))",
            "rref": "CMP(CMP(CMP(S2~0-1,S3~0-1),CMP(S2~0-1,S4~0-1)),CMP(CMP(S2~0-1,S4~0-1),S3~0-1))",
            "wgt": 0.307,
            "occurs": 3,
            "lastspike": 44
        },
        {
            "fref": "CMP(CMP(CMP(CMP(S2~0-1,S3~0-1),CMP(S2~0-1,S4~0-1)),CMP(CMP(S2~0-1,S4~0-1),S3~0-1)),CMP(CMP(S2~0-1,S4~0-1),S2~0-1))",
            "rref": "CMP(CMP(S2~0-1,S4~0-1),S2~0-1)",
            "wgt": 0.307,
            "occurs": 1,
            "lastspike": 39
        },
        {
            "fref": "CMP(CMP(CMP(S1~0-1,S2~0-1),CMP(S2~0-1,S4~0-1)),CMP(CMP(S2~0-1,S4~0-1),S3~0-1))",
            "rref": "CMP(CMP(S1~0-1,S2~0-1),CMP(S2~0-1,S4~0-1))",
            "wgt": 0.5149,
            "occurs": 1,
            "lastspike": 39
        },
        {
            "fref": "CMP(CMP(CMP(S1~0-1,S2~0-1),CMP(S2~0-1,S4~0-1)),CMP(CMP(S2~0-1,S4~0-1),S3~0-1))",
            "rref": "CMP(CMP(S2~0-1,S4~0-1),S3~0-1)",
            "wgt": 0.5149,
            "occurs": 1,
            "lastspike": 40
        },
        {
            "fref": "CMP(CMP(CMP(S2~0-1,S3~0-1),CMP(S2~0-1,S4~0-1)),CMP(S1~0-1,S2~0-1))",
            "rref": "CMP(CMP(S2~0-1,S3~0-1),CMP(S2~0-1,S4~0-1))",
            "wgt": 0.01,
            "occurs": 2,
            "lastspike": 43
        },
        {
            "fref": "CMP(CMP(CMP(S2~0-1,S3~0-1),CMP(S2~0-1,S4~0-1)),CMP(S1~0-1,S2~0-1))",
            "rref": "CMP(S1~0-1,S2~0-1)",
            "wgt": 0.01,
            "occurs": 1,
            "lastspike": 38
        },
        {
            "fref": "CMP(CMP(CMP(CMP(S0~0-1,S1~0-1),CMP(S1~0-1,S2~0-1)),CMP(CMP(S2~0-1,S4~0-1),S2~0-1)),CMP(CMP(CMP(S2~0-1,S4~0-1),S2~0-1),CMP(S0~0-1,S1~0-1)))",
            "rref": "CMP(CMP(CMP(S0~0-1,S1~0-1),CMP(S1~0-1,S2~0-1)),CMP(CMP(S2~0-1,S4~0-1),S2~0-1))",
            "wgt": 0.01,
            "occurs": 1,
            "lastspike": 38
        },
        {
            "fref": "CMP(CMP(CMP(CMP(S0~0-1,S1~0-1),CMP(S1~0-1,S2~0-1)),CMP(CMP(S2~0-1,S4~0-1),S2~0-1)),CMP(CMP(CMP(S2~0-1,S4~0-1),S2~0-1),CMP(S0~0-1,S1~0-1)))",
            "rref": "CMP(CMP(CMP(S2~0-1,S4~0-1),S2~0-1),CMP(S0~0-1,S1~0-1))",
            "wgt": 0.01,
            "occurs": 2,
            "lastspike": 40
        },
        {
            "fref": "CMP(CMP(CMP(CMP(S1~0-1,S2~0-1),CMP(S2~0-1,S4~0-1)),CMP(CMP(S2~0-1,S4~0-1),S2~0-1)),CMP(CMP(CMP(S2~0-1,S4~0-1),S2~0-1),CMP(S2~0-1,S4~0-1)))",
            "rref": "CMP(CMP(CMP(S1~0-1,S2~0-1),CMP(S2~0-1,S4~0-1)),CMP(CMP(S2~0-1,S4~0-1),S2~0-1))",
            "wgt": 0.307,
            "occurs": 1,
            "lastspike": 40
        },
        {
            "fref": "CMP(CMP(CMP(CMP(S1~0-1,S2~0-1),CMP(S2~0-1,S4~0-1)),CMP(CMP(S2~0-1,S4~0-1),S2~0-1)),CMP(CMP(CMP(S2~0-1,S4~0-1),S2~0-1),CMP(S2~0-1,S4~0-1)))",
            "rref": "CMP(CMP(CMP(S2~0-1,S4~0-1),S2~0-1),CMP(S2~0-1,S4~0-1))",
            "wgt": 0.307,
            "occurs": 1,
            "lastspike": 40
        },
        {
            "fref": "CMP(CMP(CMP(S2~0-1,S3~0-1),CMP(S2~0-1,S4~0-1)),CMP(S2~0-1,S4~0-1))",
            "rref": "CMP(CMP(S2~0-1,S3~0-1),CMP(S2~0-1,S4~0-1))",
            "wgt": 0.01,
            "occurs": 2,
            "lastspike": 43
        },
        {
            "fref": "CMP(CMP(CMP(S2~0-1,S3~0-1),CMP(S2~0-1,S4~0-1)),CMP(S2~0-1,S4~0-1))",
            "rref": "CMP(S2~0-1,S4~0-1)",
            "wgt": 0.01,
            "occurs": 1,
            "lastspike": 39
        },
        {
            "fref": "CMP(CMP(S2~0-1,S3~0-1),S3~0-1)",
            "rref": "CMP(S2~0-1,S3~0-1)",
            "wgt": 0.5149,
            "occurs": 2,
            "lastspike": 42
        },
        {
            "fref": "CMP(CMP(S2~0-1,S3~0-1),S3~0-1)",
            "rref": "S3~0-1",
            "wgt": 0.5149,
            "occurs": 1,
            "lastspike": 41
        },
        {
            "fref": "CMP(CMP(CMP(CMP(S2~0-1,S4~0-1),S2~0-1),CMP(S0~0-1,S1~0-1)),CMP(CMP(CMP(S2~0-1,S4~0-1),S2~0-1),CMP(S2~0-1,S4~0-1)))",
            "rref": "CMP(CMP(CMP(S2~0-1,S4~0-1),S2~0-1),CMP(S0~0-1,S1~0-1))",
            "wgt": 0.01,
            "occurs": 2,
            "lastspike": 40
        },
        {
            "fref": "CMP(CMP(CMP(CMP(S2~0-1,S4~0-1),S2~0-1),CMP(S0~0-1,S1~0-1)),CMP(CMP(CMP(S2~0-1,S4~0-1),S2~0-1),CMP(S2~0-1,S4~0-1)))",
            "rref": "CMP(CMP(CMP(S2~0-1,S4~0-1),S2~0-1),CMP(S2~0-1,S4~0-1))",
            "wgt": 0.01,
            "occurs": 1,
            "lastspike": 40
        },
        {
            "fref": "CMP(CMP(CMP(CMP(S1~0-1,S2~0-1),CMP(S2~0-1,S4~0-1)),CMP(CMP(S2~0-1,S4~0-1),S2~0-1)),CMP(CMP(CMP(S2~0-1,S3~0-1),CMP(S2~0-1,S4~0-1)),CMP(CMP(S2~0-1,S4~0-1),S3~0-1)))",
            "rref": "CMP(CMP(CMP(S1~0-1,S2~0-1),CMP(S2~0-1,S4~0-1)),CMP(CMP(S2~0-1,S4~0-1),S2~0-1))",
            "wgt": 0.5149,
            "occurs": 1,
            "lastspike": 40
        },
        {
            "fref": "CMP(CMP(CMP(CMP(S1~0-1,S2~0-1),CMP(S2~0-1,S4~0-1)),CMP(CMP(S2~0-1,S4~0-1),S2~0-1)),CMP(CMP(CMP(S2~0-1,S3~0-1),CMP(S2~0-1,S4~0-1)),CMP(CMP(S2~0-1,S4~0-1),S3~0-1)))",
            "rref": "CMP(CMP(CMP(S2~0-1,S3~0-1),CMP(S2~0-1,S4~0-1)),CMP(CMP(S2~0-1,S4~0-1),S3~0-1))",
            "wgt": 0.5149,
            "occurs": 2,
            "lastspike": 44
        },
        {
            "fref": "CMP(CMP(CMP(CMP(S2~0-1,S3~0-1),CMP(S2~0-1,S4~0-1)),CMP(CMP(S2~0-1,S4~0-1),S3~0-1)),CMP(CMP(S2~0-1,S4~0-1),S3~0-1))",
            "rref": "CMP(CMP(CMP(S2~0-1,S3~0-1),CMP(S2~0-1,S4~0-1)),CMP(CMP(S2~0-1,S4~0-1),S3~0-1))",
            "wgt": 0.01,
            "occurs": 2,
            "lastspike": 44
        },
        {
            "fref": "CMP(CMP(CMP(CMP(S2~0-1,S3~0-1),CMP(S2~0-1,S4~0-1)),CMP(CMP(S2~0-1,S4~0-1),S3~0-1)),CMP(CMP(S2~0-1,S4~0-1),S3~0-1))",
            "rref": "CMP(CMP(S2~0-1,S4~0-1),S3~0-1)",
            "wgt": 0.01,
            "occurs": 1,
            "lastspike": 40
        },
        {
            "fref": "CMP(CMP(CMP(S2~0-1,S3~0-1),CMP(S2~0-1,S4~0-1)),CMP(S2~0-1,S3~0-1))",
            "rref": "CMP(CMP(S2~0-1,S3~0-1),CMP(S2~0-1,S4~0-1))",
            "wgt": 0.01,
            "occurs": 2,
            "lastspike": 43
        },
        {
            "fref": "CMP(CMP(CMP(S2~0-1,S3~0-1),CMP(S2~0-1,S4~0-1)),CMP(S2~0-1,S3~0-1))",
            "rref": "CMP(S2~0-1,S3~0-1)",
            "wgt": 0.01,
            "occurs": 2,
            "lastspike": 42
        },
        {
            "fref": "CMP(CMP(CMP(CMP(S2~0-1,S3~0-1),CMP(S2~0-1,S4~0-1)),CMP(CMP(S2~0-1,S4~0-1),S3~0-1)),CMP(S2~0-1,S3~0-1))",
            "rref": "CMP(CMP(CMP(S2~0-1,S3~0-1),CMP(S2~0-1,S4~0-1)),CMP(CMP(S2~0-1,S4~0-1),S3~0-1))",
            "wgt": 0.01,
            "occurs": 2,
            "lastspike": 44
        },
        {
            "fref": "CMP(CMP(CMP(CMP(S2~0-1,S3~0-1),CMP(S2~0-1,S4~0-1)),CMP(CMP(S2~0-1,S4~0-1),S3~0-1)),CMP(S2~0-1,S3~0-1))",
            "rref": "CMP(S2~0-1,S3~0-1)",
            "wgt": 0.01,
            "occurs": 2,
            "lastspike": 42
        },
        {
            "fref": "CMP(CMP(CMP(CMP(S2~0-1,S3~0-1),CMP(S2~0-1,S4~0-1)),CMP(S2~0-1,S3~0-1)),CMP(CMP(S2~0-1,S3~0-1),CMP(S2~0-1,S4~0-1)))",
            "rref": "CMP(CMP(CMP(S2~0-1,S3~0-1),CMP(S2~0-1,S4~0-1)),CMP(S2~0-1,S3~0-1))",
            "wgt": 0.01,
            "occurs": 2,
            "lastspike": 43
        },
        {
            "fref": "CMP(CMP(CMP(CMP(S2~0-1,S3~0-1),CMP(S2~0-1,S4~0-1)),CMP(S2~0-1,S3~0-1)),CMP(CMP(S2~0-1,S3~0-1),CMP(S2~0-1,S4~0-1)))",
            "rref": "CMP(CMP(S2~0-1,S3~0-1),CMP(S2~0-1,S4~0-1))",
            "wgt": 0.01,
            "occurs": 2,
            "lastspike": 43
        },
        {
            "fref": "CMP(CMP(CMP(S2~0-1,S3~0-1),S2~0-1),CMP(CMP(S2~0-1,S3~0-1),S3~0-1))",
            "rref": "CMP(CMP(S2~0-1,S3~0-1),S2~0-1)",
            "wgt": 0.307,
            "occurs": 2,
            "lastspike": 43
        },
        {
            "fref": "CMP(CMP(CMP(S2~0-1,S3~0-1),S2~0-1),CMP(CMP(S2~0-1,S3~0-1),S3~0-1))",
            "rref": "CMP(CMP(S2~0-1,S3~0-1),S3~0-1)",
            "wgt": 0.307,
            "occurs": 2,
            "lastspike": 43
        },
        {
            "fref": "CMP(CMP(CMP(CMP(S2~0-1,S3~0-1),CMP(S2~0-1,S4~0-1)),CMP(CMP(S2~0-1,S4~0-1),S3~0-1)),CMP(CMP(CMP(S2~0-1,S3~0-1),CMP(S2~0-1,S4~0-1)),CMP(S1~0-1,S2~0-1)))",
            "rref": "CMP(CMP(CMP(S2~0-1,S3~0-1),CMP(S2~0-1,S4~0-1)),CMP(CMP(S2~0-1,S4~0-1),S3~0-1))",
            "wgt": 0.5149,
            "occurs": 2,
            "lastspike": 44
        },
        {
            "fref": "CMP(CMP(CMP(CMP(S2~0-1,S3~0-1),CMP(S2~0-1,S4~0-1)),CMP(CMP(S2~0-1,S4~0-1),S3~0-1)),CMP(CMP(CMP(S2~0-1,S3~0-1),CMP(S2~0-1,S4~0-1)),CMP(S1~0-1,S2~0-1)))",
            "rref": "CMP(CMP(CMP(S2~0-1,S3~0-1),CMP(S2~0-1,S4~0-1)),CMP(S1~0-1,S2~0-1))",
            "wgt": 0.5149,
            "occurs": 2,
            "lastspike": 44
        },
        {
            "fref": "CMP(CMP(CMP(CMP(S2~0-1,S3~0-1),CMP(S2~0-1,S4~0-1)),CMP(S2~0-1,S3~0-1)),CMP(CMP(CMP(S2~0-1,S3~0-1),CMP(S2~0-1,S4~0-1)),CMP(S2~0-1,S4~0-1)))",
            "rref": "CMP(CMP(CMP(S2~0-1,S3~0-1),CMP(S2~0-1,S4~0-1)),CMP(S2~0-1,S3~0-1))",
            "wgt": 0.5149,
            "occurs": 1,
            "lastspike": 43
        },
        {
            "fref": "CMP(CMP(CMP(CMP(S2~0-1,S3~0-1),CMP(S2~0-1,S4~0-1)),CMP(S2~0-1,S3~0-1)),CMP(CMP(CMP(S2~0-1,S3~0-1),CMP(S2~0-1,S4~0-1)),CMP(S2~0-1,S4~0-1)))",
            "rref": "CMP(CMP(CMP(S2~0-1,S3~0-1),CMP(S2~0-1,S4~0-1)),CMP(S2~0-1,S4~0-1))",
            "wgt": 0.5149,
            "occurs": 2,
            "lastspike": 44
        },
        {
            "fref": "CMP(CMP(CMP(CMP(S2~0-1,S3~0-1),S2~0-1),CMP(CMP(S2~0-1,S3~0-1),S3~0-1)),CMP(CMP(S1~0-1,S2~0-1),S0~0-1))",
            "rref": "CMP(CMP(CMP(S2~0-1,S3~0-1),S2~0-1),CMP(CMP(S2~0-1,S3~0-1),S3~0-1))",
            "wgt": 0.01,
            "occurs": 2,
            "lastspike": 44
        },
        {
            "fref": "CMP(CMP(CMP(CMP(S2~0-1,S3~0-1),S2~0-1),CMP(CMP(S2~0-1,S3~0-1),S3~0-1)),CMP(CMP(S1~0-1,S2~0-1),S0~0-1))",
            "rref": "CMP(CMP(S1~0-1,S2~0-1),S0~0-1)",
            "wgt": 0.01,
            "occurs": 1,
            "lastspike": 36
        },
        {
            "fref": "CMP(CMP(CMP(S2~0-1,S3~0-1),CMP(S2~0-1,S4~0-1)),CMP(CMP(S2~0-1,S3~0-1),S2~0-1))",
            "rref": "CMP(CMP(S2~0-1,S3~0-1),CMP(S2~0-1,S4~0-1))",
            "wgt": 0.5149,
            "occurs": 1,
            "lastspike": 43
        },
        {
            "fref": "CMP(CMP(CMP(S2~0-1,S3~0-1),CMP(S2~0-1,S4~0-1)),CMP(CMP(S2~0-1,S3~0-1),S2~0-1))",
            "rref": "CMP(CMP(S2~0-1,S3~0-1),S2~0-1)",
            "wgt": 0.5149,
            "occurs": 1,
            "lastspike": 43
        },
        {
            "fref": "CMP(CMP(CMP(S2~0-1,S3~0-1),S3~0-1),CMP(S0~0-1,S1~0-1))",
            "rref": "CMP(CMP(S2~0-1,S3~0-1),S3~0-1)",
            "wgt": 0.5149,
            "occurs": 1,
            "lastspike": 43
        },
        {
            "fref": "CMP(CMP(CMP(S2~0-1,S3~0-1),S3~0-1),CMP(S0~0-1,S1~0-1))",
            "rref": "CMP(S0~0-1,S1~0-1)",
            "wgt": 0.5149,
            "occurs": 1,
            "lastspike": 36
        },
        {
            "fref": "CMP(CMP(S2~0-1,S3~0-1),S0~0-1)",
            "rref": "CMP(S2~0-1,S3~0-1)",
            "wgt": 0.01,
            "occurs": 1,
            "lastspike": 42
        },
        {
            "fref": "CMP(CMP(S2~0-1,S3~0-1),S0~0-1)",
            "rref": "S0~0-1",
            "wgt": 0.01,
            "occurs": 0,
            "lastspike": ""
        },
        {
            "fref": "CMP(CMP(CMP(CMP(S0~0-1,S1~0-1),CMP(S1~0-1,S2~0-1)),CMP(CMP(S1~0-1,S2~0-1),S0~0-1)),CMP(CMP(CMP(S1~0-1,S2~0-1),S0~0-1),CMP(S0~0-1,S1~0-1)))",
            "rref": "CMP(CMP(CMP(S0~0-1,S1~0-1),CMP(S1~0-1,S2~0-1)),CMP(CMP(S1~0-1,S2~0-1),S0~0-1))",
            "wgt": 0.01,
            "occurs": 1,
            "lastspike": 37
        },
        {
            "fref": "CMP(CMP(CMP(CMP(S0~0-1,S1~0-1),CMP(S1~0-1,S2~0-1)),CMP(CMP(S1~0-1,S2~0-1),S0~0-1)),CMP(CMP(CMP(S1~0-1,S2~0-1),S0~0-1),CMP(S0~0-1,S1~0-1)))",
            "rref": "CMP(CMP(CMP(S1~0-1,S2~0-1),S0~0-1),CMP(S0~0-1,S1~0-1))",
            "wgt": 0.01,
            "occurs": 1,
            "lastspike": 37
        },
        {
            "fref": "CMP(CMP(CMP(CMP(S2~0-1,S3~0-1),S2~0-1),CMP(CMP(S2~0-1,S3~0-1),S3~0-1)),CMP(CMP(CMP(S2~0-1,S3~0-1),S3~0-1),CMP(S0~0-1,S1~0-1)))",
            "rref": "CMP(CMP(CMP(S2~0-1,S3~0-1),S2~0-1),CMP(CMP(S2~0-1,S3~0-1),S3~0-1))",
            "wgt": 0.307,
            "occurs": 1,
            "lastspike": 44
        },
        {
            "fref": "CMP(CMP(CMP(CMP(S2~0-1,S3~0-1),S2~0-1),CMP(CMP(S2~0-1,S3~0-1),S3~0-1)),CMP(CMP(CMP(S2~0-1,S3~0-1),S3~0-1),CMP(S0~0-1,S1~0-1)))",
            "rref": "CMP(CMP(CMP(S2~0-1,S3~0-1),S3~0-1),CMP(S0~0-1,S1~0-1))",
            "wgt": 0.307,
            "occurs": 1,
            "lastspike": 37
        },
        {
            "fref": "CMP(CMP(CMP(CMP(S0~0-1,S1~0-1),CMP(S1~0-1,S2~0-1)),CMP(CMP(S2~0-1,S4~0-1),S2~0-1)),CMP(CMP(CMP(S0~0-1,S1~0-1),CMP(S1~0-1,S2~0-1)),CMP(S0~0-1,S1~0-1)))",
            "rref": "CMP(CMP(CMP(S0~0-1,S1~0-1),CMP(S1~0-1,S2~0-1)),CMP(CMP(S2~0-1,S4~0-1),S2~0-1))",
            "wgt": 0.307,
            "occurs": 1,
            "lastspike": 38
        },
        {
            "fref": "CMP(CMP(CMP(CMP(S0~0-1,S1~0-1),CMP(S1~0-1,S2~0-1)),CMP(CMP(S2~0-1,S4~0-1),S2~0-1)),CMP(CMP(CMP(S0~0-1,S1~0-1),CMP(S1~0-1,S2~0-1)),CMP(S0~0-1,S1~0-1)))",
            "rref": "CMP(CMP(CMP(S0~0-1,S1~0-1),CMP(S1~0-1,S2~0-1)),CMP(S0~0-1,S1~0-1))",
            "wgt": 0.307,
            "occurs": 0,
            "lastspike": ""
        },
        {
            "fref": "CMP(CMP(CMP(CMP(S1~0-1,S2~0-1),S0~0-1),CMP(S0~0-1,S1~0-1)),CMP(CMP(CMP(S2~0-1,S3~0-1),CMP(S2~0-1,S4~0-1)),CMP(CMP(S2~0-1,S4~0-1),S3~0-1)))",
            "rref": "CMP(CMP(CMP(S1~0-1,S2~0-1),S0~0-1),CMP(S0~0-1,S1~0-1))",
            "wgt": 0.307,
            "occurs": 0,
            "lastspike": ""
        },
        {
            "fref": "CMP(CMP(CMP(CMP(S1~0-1,S2~0-1),S0~0-1),CMP(S0~0-1,S1~0-1)),CMP(CMP(CMP(S2~0-1,S3~0-1),CMP(S2~0-1,S4~0-1)),CMP(CMP(S2~0-1,S4~0-1),S3~0-1)))",
            "rref": "CMP(CMP(CMP(S2~0-1,S3~0-1),CMP(S2~0-1,S4~0-1)),CMP(CMP(S2~0-1,S4~0-1),S3~0-1))",
            "wgt": 0.307,
            "occurs": 1,
            "lastspike": 44
        },
        {
            "fref": "CMP(CMP(CMP(CMP(S2~0-1,S3~0-1),CMP(S2~0-1,S4~0-1)),CMP(S1~0-1,S2~0-1)),CMP(CMP(CMP(S2~0-1,S3~0-1),CMP(S2~0-1,S4~0-1)),CMP(S2~0-1,S4~0-1)))",
            "rref": "CMP(CMP(CMP(S2~0-1,S3~0-1),CMP(S2~0-1,S4~0-1)),CMP(S1~0-1,S2~0-1))",
            "wgt": 0.5149,
            "occurs": 1,
            "lastspike": 44
        },
        {
            "fref": "CMP(CMP(CMP(CMP(S2~0-1,S3~0-1),CMP(S2~0-1,S4~0-1)),CMP(S1~0-1,S2~0-1)),CMP(CMP(CMP(S2~0-1,S3~0-1),CMP(S2~0-1,S4~0-1)),CMP(S2~0-1,S4~0-1)))",
            "rref": "CMP(CMP(CMP(S2~0-1,S3~0-1),CMP(S2~0-1,S4~0-1)),CMP(S2~0-1,S4~0-1))",
            "wgt": 0.5149,
            "occurs": 1,
            "lastspike": 44
        },
        {
            "fref": "CMP(CMP(CMP(CMP(S2~0-1,S3~0-1),CMP(S2~0-1,S4~0-1)),CMP(S2~0-1,S3~0-1)),CMP(CMP(CMP(S2~0-1,S3~0-1),S2~0-1),CMP(CMP(S2~0-1,S3~0-1),S3~0-1)))",
            "rref": "CMP(CMP(CMP(S2~0-1,S3~0-1),CMP(S2~0-1,S4~0-1)),CMP(S2~0-1,S3~0-1))",
            "wgt": 0.307,
            "occurs": 1,
            "lastspike": 43
        },
        {
            "fref": "CMP(CMP(CMP(CMP(S2~0-1,S3~0-1),CMP(S2~0-1,S4~0-1)),CMP(S2~0-1,S3~0-1)),CMP(CMP(CMP(S2~0-1,S3~0-1),S2~0-1),CMP(CMP(S2~0-1,S3~0-1),S3~0-1)))",
            "rref": "CMP(CMP(CMP(S2~0-1,S3~0-1),S2~0-1),CMP(CMP(S2~0-1,S3~0-1),S3~0-1))",
            "wgt": 0.307,
            "occurs": 1,
            "lastspike": 44
        },
        {
            "fref": "CMP(CMP(CMP(CMP(S2~0-1,S3~0-1),S3~0-1),CMP(S0~0-1,S1~0-1)),CMP(CMP(S1~0-1,S2~0-1),S0~0-1))",
            "rref": "CMP(CMP(CMP(S2~0-1,S3~0-1),S3~0-1),CMP(S0~0-1,S1~0-1))",
            "wgt": 0.01,
            "occurs": 0,
            "lastspike": ""
        },
        {
            "fref": "CMP(CMP(CMP(CMP(S2~0-1,S3~0-1),S3~0-1),CMP(S0~0-1,S1~0-1)),CMP(CMP(S1~0-1,S2~0-1),S0~0-1))",
            "rref": "CMP(CMP(S1~0-1,S2~0-1),S0~0-1)",
            "wgt": 0.01,
            "occurs": 0,
            "lastspike": ""
        },
        {
            "fref": "CMP(CMP(S1~0-1,S2~0-1),S1~0-1)",
            "rref": "CMP(S1~0-1,S2~0-1)",
            "wgt": 0.01,
            "occurs": 1,
            "lastspike": 38
        },
        {
            "fref": "CMP(CMP(S1~0-1,S2~0-1),S1~0-1)",
            "rref": "S1~0-1",
            "wgt": 0.01,
            "occurs": 0,
            "lastspike": ""
        },
        {
            "fref": "CMP(CMP(CMP(S1~0-1,S2~0-1),S1~0-1),CMP(S0~0-1,S1~0-1))",
            "rref": "CMP(CMP(S1~0-1,S2~0-1),S1~0-1)",
            "wgt": 0.01,
            "occurs": 1,
            "lastspike": 39
        },
        {
            "fref": "CMP(CMP(CMP(S1~0-1,S2~0-1),S1~0-1),CMP(S0~0-1,S1~0-1))",
            "rref": "CMP(S0~0-1,S1~0-1)",
            "wgt": 0.01,
            "occurs": 0,
            "lastspike": ""
        },
        {
            "fref": "CMP(CMP(CMP(CMP(S1~0-1,S2~0-1),CMP(S2~0-1,S4~0-1)),CMP(CMP(S2~0-1,S4~0-1),S2~0-1)),CMP(CMP(CMP(S1~0-1,S2~0-1),CMP(S2~0-1,S4~0-1)),CMP(CMP(S2~0-1,S4~0-1),S3~0-1)))",
            "rref": "CMP(CMP(CMP(S1~0-1,S2~0-1),CMP(S2~0-1,S4~0-1)),CMP(CMP(S2~0-1,S4~0-1),S2~0-1))",
            "wgt": 0.01,
            "occurs": 1,
            "lastspike": 40
        },
        {
            "fref": "CMP(CMP(CMP(CMP(S1~0-1,S2~0-1),CMP(S2~0-1,S4~0-1)),CMP(CMP(S2~0-1,S4~0-1),S2~0-1)),CMP(CMP(CMP(S1~0-1,S2~0-1),CMP(S2~0-1,S4~0-1)),CMP(CMP(S2~0-1,S4~0-1),S3~0-1)))",
            "rref": "CMP(CMP(CMP(S1~0-1,S2~0-1),CMP(S2~0-1,S4~0-1)),CMP(CMP(S2~0-1,S4~0-1),S3~0-1))",
            "wgt": 0.01,
            "occurs": 1,
            "lastspike": 40
        },
        {
            "fref": "CMP(CMP(CMP(CMP(S2~0-1,S3~0-1),CMP(S2~0-1,S4~0-1)),CMP(S2~0-1,S4~0-1)),CMP(CMP(CMP(S2~0-1,S3~0-1),S2~0-1),CMP(CMP(S2~0-1,S3~0-1),S3~0-1)))",
            "rref": "CMP(CMP(CMP(S2~0-1,S3~0-1),CMP(S2~0-1,S4~0-1)),CMP(S2~0-1,S4~0-1))",
            "wgt": 0.01,
            "occurs": 1,
            "lastspike": 44
        },
        {
            "fref": "CMP(CMP(CMP(CMP(S2~0-1,S3~0-1),CMP(S2~0-1,S4~0-1)),CMP(S2~0-1,S4~0-1)),CMP(CMP(CMP(S2~0-1,S3~0-1),S2~0-1),CMP(CMP(S2~0-1,S3~0-1),S3~0-1)))",
            "rref": "CMP(CMP(CMP(S2~0-1,S3~0-1),S2~0-1),CMP(CMP(S2~0-1,S3~0-1),S3~0-1))",
            "wgt": 0.01,
            "occurs": 1,
            "lastspike": 44
        },
        {
            "fref": "CMP(CMP(CMP(CMP(S1~0-1,S2~0-1),S1~0-1),CMP(S0~0-1,S1~0-1)),CMP(CMP(CMP(S2~0-1,S3~0-1),S3~0-1),CMP(S0~0-1,S1~0-1)))",
            "rref": "CMP(CMP(CMP(S1~0-1,S2~0-1),S1~0-1),CMP(S0~0-1,S1~0-1))",
            "wgt": 0.307,
            "occurs": 1,
            "lastspike": 40
        },
        {
            "fref": "CMP(CMP(CMP(CMP(S1~0-1,S2~0-1),S1~0-1),CMP(S0~0-1,S1~0-1)),CMP(CMP(CMP(S2~0-1,S3~0-1),S3~0-1),CMP(S0~0-1,S1~0-1)))",
            "rref": "CMP(CMP(CMP(S2~0-1,S3~0-1),S3~0-1),CMP(S0~0-1,S1~0-1))",
            "wgt": 0.307,
            "occurs": 0,
            "lastspike": ""
        },
        {
            "fref": "CMP(CMP(CMP(S1~0-1,S2~0-1),S1~0-1),CMP(CMP(S2~0-1,S3~0-1),S2~0-1))",
            "rref": "CMP(CMP(S1~0-1,S2~0-1),S1~0-1)",
            "wgt": 0.307,
            "occurs": 0,
            "lastspike": ""
        },
        {
            "fref": "CMP(CMP(CMP(S1~0-1,S2~0-1),S1~0-1),CMP(CMP(S2~0-1,S3~0-1),S2~0-1))",
            "rref": "CMP(CMP(S2~0-1,S3~0-1),S2~0-1)",
            "wgt": 0.307,
            "occurs": 1,
            "lastspike": 43
        },
        {
            "fref": "CMP(CMP(CMP(CMP(S1~0-1,S2~0-1),CMP(S2~0-1,S4~0-1)),CMP(CMP(S2~0-1,S4~0-1),S3~0-1)),CMP(CMP(CMP(S2~0-1,S3~0-1),S3~0-1),CMP(S0~0-1,S1~0-1)))",
            "rref": "CMP(CMP(CMP(S1~0-1,S2~0-1),CMP(S2~0-1,S4~0-1)),CMP(CMP(S2~0-1,S4~0-1),S3~0-1))",
            "wgt": 0.01,
            "occurs": 0,
            "lastspike": ""
        },
        {
            "fref": "CMP(CMP(CMP(CMP(S1~0-1,S2~0-1),CMP(S2~0-1,S4~0-1)),CMP(CMP(S2~0-1,S4~0-1),S3~0-1)),CMP(CMP(CMP(S2~0-1,S3~0-1),S3~0-1),CMP(S0~0-1,S1~0-1)))",
            "rref": "CMP(CMP(CMP(S2~0-1,S3~0-1),S3~0-1),CMP(S0~0-1,S1~0-1))",
            "wgt": 0.01,
            "occurs": 0,
            "lastspike": ""
        },
        {
            "fref": "CMP(CMP(CMP(CMP(S1~0-1,S2~0-1),S1~0-1),CMP(S0~0-1,S1~0-1)),CMP(CMP(S2~0-1,S4~0-1),S2~0-1))",
            "rref": "CMP(CMP(CMP(S1~0-1,S2~0-1),S1~0-1),CMP(S0~0-1,S1~0-1))",
            "wgt": 0.307,
            "occurs": 0,
            "lastspike": ""
        },
        {
            "fref": "CMP(CMP(CMP(CMP(S1~0-1,S2~0-1),S1~0-1),CMP(S0~0-1,S1~0-1)),CMP(CMP(S2~0-1,S4~0-1),S2~0-1))",
            "rref": "CMP(CMP(S2~0-1,S4~0-1),S2~0-1)",
            "wgt": 0.307,
            "occurs": 0,
            "lastspike": ""
        },
        {
            "fref": "CMP(CMP(CMP(S1~0-1,S2~0-1),S1~0-1),CMP(S1~0-1,S2~0-1))",
            "rref": "CMP(CMP(S1~0-1,S2~0-1),S1~0-1)",
            "wgt": 0.01,
            "occurs": 0,
            "lastspike": ""
        },
        {
            "fref": "CMP(CMP(CMP(S1~0-1,S2~0-1),S1~0-1),CMP(S1~0-1,S2~0-1))",
            "rref": "CMP(S1~0-1,S2~0-1)",
            "wgt": 0.01,
            "occurs": 0,
            "lastspike": ""
        },
        {
            "fref": "CMP(CMP(CMP(CMP(S1~0-1,S2~0-1),CMP(S2~0-1,S4~0-1)),CMP(CMP(S2~0-1,S4~0-1),S3~0-1)),CMP(CMP(CMP(S1~0-1,S2~0-1),S1~0-1),CMP(S0~0-1,S1~0-1)))",
            "rref": "CMP(CMP(CMP(S1~0-1,S2~0-1),CMP(S2~0-1,S4~0-1)),CMP(CMP(S2~0-1,S4~0-1),S3~0-1))",
            "wgt": 0.01,
            "occurs": 0,
            "lastspike": ""
        },
        {
            "fref": "CMP(CMP(CMP(CMP(S1~0-1,S2~0-1),CMP(S2~0-1,S4~0-1)),CMP(CMP(S2~0-1,S4~0-1),S3~0-1)),CMP(CMP(CMP(S1~0-1,S2~0-1),S1~0-1),CMP(S0~0-1,S1~0-1)))",
            "rref": "CMP(CMP(CMP(S1~0-1,S2~0-1),S1~0-1),CMP(S0~0-1,S1~0-1))",
            "wgt": 0.01,
            "occurs": 0,
            "lastspike": ""
        },
        {
            "fref": "CMP(CMP(CMP(S2~0-1,S4~0-1),S2~0-1),CMP(CMP(S2~0-1,S4~0-1),S3~0-1))",
            "rref": "CMP(CMP(S2~0-1,S4~0-1),S2~0-1)",
            "wgt": 0.01,
            "occurs": 0,
            "lastspike": ""
        },
        {
            "fref": "CMP(CMP(CMP(S2~0-1,S4~0-1),S2~0-1),CMP(CMP(S2~0-1,S4~0-1),S3~0-1))",
            "rref": "CMP(CMP(S2~0-1,S4~0-1),S3~0-1)",
            "wgt": 0.01,
            "occurs": 0,
            "lastspike": ""
        },
        {
            "fref": "CMP(CMP(CMP(S1~0-1,S2~0-1),S1~0-1),CMP(CMP(S2~0-1,S3~0-1),S3~0-1))",
            "rref": "CMP(CMP(S1~0-1,S2~0-1),S1~0-1)",
            "wgt": 0.01,
            "occurs": 0,
            "lastspike": ""
        },
        {
            "fref": "CMP(CMP(CMP(S1~0-1,S2~0-1),S1~0-1),CMP(CMP(S2~0-1,S3~0-1),S3~0-1))",
            "rref": "CMP(CMP(S2~0-1,S3~0-1),S3~0-1)",
            "wgt": 0.01,
            "occurs": 1,
            "lastspike": 43
        },
        {
            "fref": "CMP(CMP(CMP(CMP(S2~0-1,S3~0-1),CMP(S2~0-1,S4~0-1)),CMP(CMP(S2~0-1,S3~0-1),S2~0-1)),CMP(CMP(CMP(S2~0-1,S3~0-1),S2~0-1),CMP(CMP(S2~0-1,S3~0-1),S3~0-1)))",
            "rref": "CMP(CMP(CMP(S2~0-1,S3~0-1),CMP(S2~0-1,S4~0-1)),CMP(CMP(S2~0-1,S3~0-1),S2~0-1))",
            "wgt": 0.01,
            "occurs": 1,
            "lastspike": 44
        },
        {
            "fref": "CMP(CMP(CMP(CMP(S2~0-1,S3~0-1),CMP(S2~0-1,S4~0-1)),CMP(CMP(S2~0-1,S3~0-1),S2~0-1)),CMP(CMP(CMP(S2~0-1,S3~0-1),S2~0-1),CMP(CMP(S2~0-1,S3~0-1),S3~0-1)))",
            "rref": "CMP(CMP(CMP(S2~0-1,S3~0-1),S2~0-1),CMP(CMP(S2~0-1,S3~0-1),S3~0-1))",
            "wgt": 0.01,
            "occurs": 1,
            "lastspike": 44
        },
        {
            "fref": "CMP(CMP(CMP(CMP(S1~0-1,S2~0-1),S1~0-1),CMP(CMP(S2~0-1,S3~0-1),S2~0-1)),CMP(CMP(CMP(S1~0-1,S2~0-1),S1~0-1),CMP(CMP(S2~0-1,S3~0-1),S3~0-1)))",
            "rref": "CMP(CMP(CMP(S1~0-1,S2~0-1),S1~0-1),CMP(CMP(S2~0-1,S3~0-1),S2~0-1))",
            "wgt": 0.307,
            "occurs": 1,
            "lastspike": 44
        },
        {
            "fref": "CMP(CMP(CMP(CMP(S1~0-1,S2~0-1),S1~0-1),CMP(CMP(S2~0-1,S3~0-1),S2~0-1)),CMP(CMP(CMP(S1~0-1,S2~0-1),S1~0-1),CMP(CMP(S2~0-1,S3~0-1),S3~0-1)))",
            "rref": "CMP(CMP(CMP(S1~0-1,S2~0-1),S1~0-1),CMP(CMP(S2~0-1,S3~0-1),S3~0-1))",
            "wgt": 0.307,
            "occurs": 1,
            "lastspike": 44
        },
        {
            "fref": "CMP(CMP(CMP(S2~0-1,S3~0-1),S2~0-1),CMP(CMP(S2~0-1,S4~0-1),S3~0-1))",
            "rref": "CMP(CMP(S2~0-1,S3~0-1),S2~0-1)",
            "wgt": 0.01,
            "occurs": 0,
            "lastspike": ""
        },
        {
            "fref": "CMP(CMP(CMP(S2~0-1,S3~0-1),S2~0-1),CMP(CMP(S2~0-1,S4~0-1),S3~0-1))",
            "rref": "CMP(CMP(S2~0-1,S4~0-1),S3~0-1)",
            "wgt": 0.01,
            "occurs": 0,
            "lastspike": ""
        },
        {
            "fref": "CMP(CMP(CMP(S2~0-1,S3~0-1),S0~0-1),CMP(CMP(S2~0-1,S3~0-1),S3~0-1))",
            "rref": "CMP(CMP(S2~0-1,S3~0-1),S0~0-1)",
            "wgt": 0.307,
            "occurs": 0,
            "lastspike": ""
        },
        {
            "fref": "CMP(CMP(CMP(S2~0-1,S3~0-1),S0~0-1),CMP(CMP(S2~0-1,S3~0-1),S3~0-1))",
            "rref": "CMP(CMP(S2~0-1,S3~0-1),S3~0-1)",
            "wgt": 0.307,
            "occurs": 0,
            "lastspike": ""
        },
        {
            "fref": "CMP(CMP(CMP(CMP(S2~0-1,S3~0-1),CMP(S2~0-1,S4~0-1)),CMP(CMP(S2~0-1,S3~0-1),S2~0-1)),CMP(CMP(CMP(S2~0-1,S3~0-1),S3~0-1),CMP(S0~0-1,S1~0-1)))",
            "rref": "CMP(CMP(CMP(S2~0-1,S3~0-1),CMP(S2~0-1,S4~0-1)),CMP(CMP(S2~0-1,S3~0-1),S2~0-1))",
            "wgt": 0.01,
            "occurs": 0,
            "lastspike": ""
        },
        {
            "fref": "CMP(CMP(CMP(CMP(S2~0-1,S3~0-1),CMP(S2~0-1,S4~0-1)),CMP(CMP(S2~0-1,S3~0-1),S2~0-1)),CMP(CMP(CMP(S2~0-1,S3~0-1),S3~0-1),CMP(S0~0-1,S1~0-1)))",
            "rref": "CMP(CMP(CMP(S2~0-1,S3~0-1),S3~0-1),CMP(S0~0-1,S1~0-1))",
            "wgt": 0.01,
            "occurs": 0,
            "lastspike": ""
        }
    ],
    "npruned": [],
    "spruned": [],
    "params": {
        "BindingCount": 2,
        "PropagationLevels": 4,
        "PruneInterval": 30,
        "PruningThreshold": 0.2,
        "BindingThreshold": 0.5,
        "DownPotentialFactor": 0.2,
        "FiringThreshold": 0.25,
        "ZeroingThreshold": 0.05,
        "DecayFactor": 0.8,
        "InitialPotential": 0.2,
        "ReinforcementRate": 0.3,
        "RefractoryPeriod": 7,
        "PostSpikeFactor": 1.0,
        "DefaultEncoderCeiling": 1024,
        "DefaultEncoderFloor": 0,
        "DefaultEncoderResolution": 10,
        "TraceLength": 60
    },
    "tick": 45
}