{
    "neurones": [
        {
            "name": "stream0~2-3",
            "potential": 0.0,
            "fsynapses": [
                "CMP(stream0~2-3,stream2~2-3)",
                "CMP(CMP(stream0~2-3,stream2~2-3),stream0~2-3)"
            ],
            "rsynapses": [],
            "lastspike": 28,
            "occurs": 7,
            "refractory": 0,
            "level": 0
        },
        {
            "name": "stream2~2-3",
            "potential": 0.0,
            "fsynapses": [
                "CMP(stream0~2-3,stream2~2-3)",
                "CMP(stream1~2-3,stream2~2-3)",
                "CMP(CMP(stream1~2-3,stream3~2-3),stream2~2-3)"
            ],
            "rsynapses": [],
            "lastspike": 17,
            "occurs": 5,
            "refractory": 0,
            "level": 0
        },
        {
            "name": "CMP(stream0~2-3,stream2~2-3)",
            "potential": 0.0,
            "fsynapses": [
                "CMP(CMP(stream0~2-3,stream2~2-3),stream0~2-3)",
                "CMP(CMP(CMP(stream0~2-3,stream2~2-3),stream0~2-3),CMP(stream0~2-3,stream2~2-3))",
                "CMP(CMP(stream0~2-3,stream2~2-3),CMP(stream1~2-3,stream3~2-3))",
                "CMP(CMP(CMP(stream0~2-3,stream2~2-3),CMP(stream1~2-3,stream3~2-3)),CMP(stream0~2-3,stream2~2-3))"
            ],
            "rsynapses": [
                "stream0~2-3",
                "stream2~2-3"
            ],
            "lastspike": 2,
            "occurs": 3,
            "refractory": 0,
            "level": 1
        },
        {
            "name": "stream1~2-3",
            "potential": 0.0,
            "fsynapses": [
                "CMP(stream1~2-3,stream3~2-3)",
                "CMP(stream1~2-3,stream2~2-3)"
            ],
            "rsynapses": [],
            "lastspike": 31,
            "occurs": 7,
            "refractory": 0,
            "level": 0
        },
        {
            "name": "stream3~2-3",
            "potential": 0.0,
            "fsynapses": [
                "CMP(stream1~2-3,stream3~2-3)",
                "CMP(stream3~2-3,stream4~2-3)"
            ],
            "rsynapses": [],
            "lastspike": 19,
            "occurs": 5,
            "refractory": 0,
            "level": 0
        },
        {
            "name": "CMP(stream1~2-3,stream3~2-3)",
            "potential": 0.0,
            "fsynapses": [
                "CMP(CMP(stream0~2-3,stream2~2-3),CMP(stream1~2-3,stream3~2-3))",
                "CMP(CMP(stream1~2-3,stream3~2-3),stream2~2-3)",
                "CMP(CMP(stream1~2-3,stream3~2-3),CMP(stream3~2-3,stream4~2-3))",
                "CMP(CMP(CMP(stream1~2-3,stream3~2-3),CMP(stream3~2-3,stream4~2-3)),CMP(stream1~2-3,stream3~2-3))",
                "CMP(CMP(stream1~2-3,stream2~2-3),CMP(stream1~2-3,stream3~2-3))",
                "CMP(CMP(CMP(stream1~2-3,stream2~2-3),CMP(stream1~2-3,stream3~2-3)),CMP(stream1~2-3,stream3~2-3))"
            ],
            "rsynapses": [
                "stream1~2-3",
                "stream3~2-3"
            ],
            "lastspike": 5,
            "occurs": 3,
            "refractory": 0,
            "level": 1
        },
        {
            "name": "stream4~2-3",
            "potential": 0.0,
            "fsynapses": [
                "CMP(stream3~2-3,stream4~2-3)"
            ],
            "rsynapses": [],
            "lastspike": 6,
            "occurs": 3,
            "refractory": 0,
            "level": 0
        },
        {
            "name": "CMP(stream3~2-3,stream4~2-3)",
            "potential": 0.0,
            "fsynapses": [
                "CMP(CMP(stream1~2-3,stream3~2-3),CMP(stream3~2-3,stream4~2-3))",
                "CMP(CMP(CMP(stream1~2-3,stream3~2-3),CMP(stream3~2-3,stream4~2-3)),CMP(stream3~2-3,stream4~2-3))"
            ],
            "rsynapses": [
                "stream3~2-3",
                "stream4~2-3"
            ],
            "lastspike": 7,
            "occurs": 2,
            "refractory": 0,
            "level": 1
        },
        {
            "name": "stream5~2-3",
            "potential": 0.0,
            "fsynapses": [],
            "rsynapses": [],
            "lastspike": 8,
            "occurs": 3,
            "refractory": 0,
            "level": 0
        },
        {
            "name": "CMP(CMP(stream0~2-3,stream2~2-3),stream0~2-3)",
            "potential": 0.0,
            "fsynapses": [
                "CMP(CMP(CMP(stream0~2-3,stream2~2-3),stream0~2-3),CMP(stream0~2-3,stream2~2-3))",
                "CMP(CMP(CMP(CMP(stream0~2-3,stream2~2-3),stream0~2-3),CMP(stream0~2-3,stream2~2-3)),CMP(CMP(stream0~2-3,stream2~2-3),stream0~2-3))",
                "CMP(CMP(CMP(stream0~2-3,stream2~2-3),CMP(stream1~2-3,stream3~2-3)),CMP(CMP(stream0~2-3,stream2~2-3),stream0~2-3))",
                "CMP(CMP(CMP(CMP(stream0~2-3,stream2~2-3),CMP(stream1~2-3,stream3~2-3)),CMP(CMP(stream0~2-3,stream2~2-3),stream0~2-3)),CMP(CMP(stream0~2-3,stream2~2-3),stream0~2-3))",
                "CMP(CMP(CMP(CMP(stream0~2-3,stream2~2-3),CMP(stream1~2-3,stream3~2-3)),CMP(CMP(stream1~2-3,stream3~2-3),CMP(stream3~2-3,stream4~2-3))),CMP(CMP(stream0~2-3,stream2~2-3),stream0~2-3))"
            ],
            "rsynapses": [
                "CMP(stream0~2-3,stream2~2-3)",
                "stream0~2-3"
            ],
            "lastspike": 15,
            "occurs": 3,
            "refractory": 0,
            "level": 2
        },
        {
            "name": "CMP(CMP(CMP(stream0~2-3,stream2~2-3),stream0~2-3),CMP(stream0~2-3,stream2~2-3))",
            "potential": 0.0,
            "fsynapses": [
                "CMP(CMP(CMP(CMP(stream0~2-3,stream2~2-3),stream0~2-3),CMP(stream0~2-3,stream2~2-3)),CMP(CMP(stream0~2-3,stream2~2-3),stream0~2-3))",
                "CMP(CMP(CMP(CMP(stream0~2-3,stream2~2-3),CMP(stream1~2-3,stream3~2-3)),CMP(stream0~2-3,stream2~2-3)),CMP(CMP(CMP(stream0~2-3,stream2~2-3),stream0~2-3),CMP(stream0~2-3,stream2~2-3)))"
            ],
            "rsynapses": [
                "CMP(CMP(stream0~2-3,stream2~2-3),stream0~2-3)",
                "CMP(stream0~2-3,stream2~2-3)"
            ],
            "lastspike": 16,
            "occurs": 3,
            "refractory": 0,
            "level": 3
        },
        {
            "name": "CMP(CMP(CMP(CMP(stream0~2-3,stream2~2-3),stream0~2-3),CMP(stream0~2-3,stream2~2-3)),CMP(CMP(stream0~2-3,stream2~2-3),stream0~2-3))",
            "potential": 0.0,
            "fsynapses": [],
            "rsynapses": [
                "CMP(CMP(CMP(stream0~2-3,stream2~2-3),stream0~2-3),CMP(stream0~2-3,stream2~2-3))",
                "CMP(CMP(stream0~2-3,stream2~2-3),stream0~2-3)"
            ],
            "lastspike": 17,
            "occurs": 3,
            "refractory": 0,
            "level": 4
        },
        {
            "name": "CMP(CMP(stream0~2-3,stream2~2-3),CMP(stream1~2-3,stream3~2-3))",
            "potential": 0.0,
            "fsynapses": [
                "CMP(CMP(CMP(stream0~2-3,stream2~2-3),CMP(stream1~2-3,stream3~2-3)),CMP(stream0~2-3,stream2~2-3))",
                "CMP(CMP(CMP(stream0~2-3,stream2~2-3),CMP(stream1~2-3,stream3~2-3)),CMP(CMP(stream0~2-3,stream2~2-3),stream0~2-3))",
                "CMP(CMP(CMP(CMP(stream1~2-3,stream3~2-3),CMP(stream3~2-3,stream4~2-3)),CMP(stream1~2-3,stream3~2-3)),CMP(CMP(stream0~2-3,stream2~2-3),CMP(stream1~2-3,stream3~2-3)))",
                "CMP(CMP(CMP(stream0~2-3,stream2~2-3),CMP(stream1~2-3,stream3~2-3)),CMP(CMP(stream1~2-3,stream3~2-3),CMP(stream3~2-3,stream4~2-3)))",
                "CMP(CMP(CMP(stream0~2-3,stream2~2-3),CMP(stream1~2-3,stream3~2-3)),CMP(CMP(stream1~2-3,stream3~2-3),stream2~2-3))",
                "CMP(CMP(CMP(CMP(stream1~2-3,stream2~2-3),CMP(stream1~2-3,stream3~2-3)),CMP(CMP(stream1~2-3,stream3~2-3),CMP(stream3~2-3,stream4~2-3))),CMP(CMP(stream0~2-3,stream2~2-3),CMP(stream1~2-3,stream3~2-3)))"
            ],
            "rsynapses": [
                "CMP(stream0~2-3,stream2~2-3)",
                "CMP(stream1~2-3,stream3~2-3)"
            ],
            "lastspike": 17,
            "occurs": 4,
            "refractory": 0,
            "level": 2
        },
        {
            "name": "CMP(stream1~2-3,stream2~2-3)",
            "potential": 0.0,
            "fsynapses": [
                "CMP(CMP(stream1~2-3,stream2~2-3),CMP(stream1~2-3,stream3~2-3))"
            ],
            "rsynapses": [
                "stream1~2-3",
                "stream2~2-3"
            ],
            "lastspike": 17,
            "occurs": 2,
            "refractory": 0,
            "level": 1
        },
        {
            "name": "CMP(CMP(CMP(stream0~2-3,stream2~2-3),CMP(stream1~2-3,stream3~2-3)),CMP(stream0~2-3,stream2~2-3))",
            "potential": 0.0,
            "fsynapses": [
                "CMP(CMP(CMP(CMP(stream0~2-3,stream2~2-3),CMP(stream1~2-3,stream3~2-3)),CMP(stream0~2-3,stream2~2-3)),CMP(CMP(CMP(stream0~2-3,stream2~2-3),stream0~2-3),CMP(stream0~2-3,stream2~2-3)))",
                "CMP(CMP(CMP(CMP(stream0~2-3,stream2~2-3),CMP(stream1~2-3,stream3~2-3)),CMP(stream0~2-3,stream2~2-3)),CMP(CMP(CMP(stream1~2-3,stream3~2-3),CMP(stream3~2-3,stream4~2-3)),CMP(stream1~2-3,stream3~2-3)))",
                "CMP(CMP(CMP(CMP(stream0~2-3,stream2~2-3),CMP(stream1~2-3,stream3~2-3)),CMP(CMP(stream0~2-3,stream2~2-3),stream0~2-3)),CMP(CMP(CMP(stream0~2-3,stream2~2-3),CMP(stream1~2-3,stream3~2-3)),CMP(stream0~2-3,stream2~2-3)))"
            ],
            "rsynapses": [
                "CMP(CMP(stream0~2-3,stream2~2-3),CMP(stream1~2-3,stream3~2-3))",
                "CMP(stream0~2-3,stream2~2-3)"
            ],
            "lastspike": 18,
            "occurs": 4,
            "refractory": 0,
            "level": 3
        },
        {
            "name": "CMP(CMP(stream1~2-3,stream3~2-3),stream2~2-3)",
            "potential": 0.0,
            "fsynapses": [
                "CMP(CMP(CMP(stream0~2-3,stream2~2-3),CMP(stream1~2-3,stream3~2-3)),CMP(CMP(stream1~2-3,stream3~2-3),stream2~2-3))",
                "CMP(CMP(CMP(stream1~2-3,stream3~2-3),CMP(stream3~2-3,stream4~2-3)),CMP(CMP(stream1~2-3,stream3~2-3),stream2~2-3))"
            ],
            "rsynapses": [
                "CMP(stream1~2-3,stream3~2-3)",
                "stream2~2-3"
            ],
            "lastspike": 18,
            "occurs": 2,
            "refractory": 0,
            "level": 2
        },
        {
            "name": "CMP(CMP(CMP(CMP(stream0~2-3,stream2~2-3),CMP(stream1~2-3,stream3~2-3)),CMP(stream0~2-3,stream2~2-3)),CMP(CMP(CMP(stream0~2-3,stream2~2-3),stream0~2-3),CMP(stream0~2-3,stream2~2-3)))",
            "potential": 0.0,
            "fsynapses": [],
            "rsynapses": [
                "CMP(CMP(CMP(stream0~2-3,stream2~2-3),CMP(stream1~2-3,stream3~2-3)),CMP(stream0~2-3,stream2~2-3))",
                "CMP(CMP(CMP(stream0~2-3,stream2~2-3),stream0~2-3),CMP(stream0~2-3,stream2~2-3))"
            ],
            "lastspike": 19,
            "occurs": 4,
            "refractory": 0,
            "level": 4
        },
        {
            "name": "CMP(CMP(CMP(stream0~2-3,stream2~2-3),CMP(stream1~2-3,stream3~2-3)),CMP(CMP(stream0~2-3,stream2~2-3),stream0~2-3))",
            "potential": 0.0,
            "fsynapses": [
                "CMP(CMP(CMP(CMP(stream0~2-3,stream2~2-3),CMP(stream1~2-3,stream3~2-3)),CMP(CMP(stream0~2-3,stream2~2-3),stream0~2-3)),CMP(CMP(stream0~2-3,stream2~2-3),stream0~2-3))",
                "CMP(CMP(CMP(CMP(stream0~2-3,stream2~2-3),CMP(stream1~2-3,stream3~2-3)),CMP(CMP(stream0~2-3,stream2~2-3),stream0~2-3)),CMP(CMP(CMP(stream0~2-3,stream2~2-3),CMP(stream1~2-3,stream3~2-3)),CMP(CMP(stream1~2-3,stream3~2-3),CMP(stream3~2-3,stream4~2-3))))",
                "CMP(CMP(CMP(CMP(stream0~2-3,stream2~2-3),CMP(stream1~2-3,stream3~2-3)),CMP(CMP(stream0~2-3,stream2~2-3),stream0~2-3)),CMP(CMP(CMP(stream0~2-3,stream2~2-3),CMP(stream1~2-3,stream3~2-3)),CMP(stream0~2-3,stream2~2-3)))"
            ],
            "rsynapses": [
                "CMP(CMP(stream0~2-3,stream2~2-3),CMP(stream1~2-3,stream3~2-3))",
                "CMP(CMP(stream0~2-3,stream2~2-3),stream0~2-3)"
            ],
            "lastspike": 19,
            "occurs": 3,
            "refractory": 0,
            "level": 3
        },
        {
            "name": "CMP(CMP(stream1~2-3,stream3~2-3),CMP(stream3~2-3,stream4~2-3))",
            "potential": 0.0,
            "fsynapses": [
                "CMP(CMP(CMP(stream1~2-3,stream3~2-3),CMP(stream3~2-3,stream4~2-3)),CMP(stream1~2-3,stream3~2-3))",
                "CMP(CMP(CMP(stream0~2-3,stream2~2-3),CMP(stream1~2-3,stream3~2-3)),CMP(CMP(stream1~2-3,stream3~2-3),CMP(stream3~2-3,stream4~2-3)))",
                "CMP(CMP(CMP(stream1~2-3,stream3~2-3),CMP(stream3~2-3,stream4~2-3)),CMP(stream3~2-3,stream4~2-3))",
                "CMP(CMP(CMP(CMP(stream1~2-3,stream3~2-3),CMP(stream3~2-3,stream4~2-3)),CMP(stream1~2-3,stream3~2-3)),CMP(CMP(stream1~2-3,stream3~2-3),CMP(stream3~2-3,stream4~2-3)))",
                "CMP(CMP(CMP(stream1~2-3,stream2~2-3),CMP(stream1~2-3,stream3~2-3)),CMP(CMP(stream1~2-3,stream3~2-3),CMP(stream3~2-3,stream4~2-3)))",
                "CMP(CMP(CMP(stream1~2-3,stream3~2-3),CMP(stream3~2-3,stream4~2-3)),CMP(CMP(stream1~2-3,stream3~2-3),stream2~2-3))"
            ],
            "rsynapses": [
                "CMP(stream1~2-3,stream3~2-3)",
                "CMP(stream3~2-3,stream4~2-3)"
            ],
            "lastspike": 19,
            "occurs": 3,
            "refractory": 0,
            "level": 2
        },
        {
            "name": "CMP(CMP(CMP(stream1~2-3,stream3~2-3),CMP(stream3~2-3,stream4~2-3)),CMP(stream1~2-3,stream3~2-3))",
            "potential": 0.0,
            "fsynapses": [
                "CMP(CMP(CMP(CMP(stream1~2-3,stream3~2-3),CMP(stream3~2-3,stream4~2-3)),CMP(stream1~2-3,stream3~2-3)),CMP(CMP(stream0~2-3,stream2~2-3),CMP(stream1~2-3,stream3~2-3)))",
                "CMP(CMP(CMP(CMP(stream0~2-3,stream2~2-3),CMP(stream1~2-3,stream3~2-3)),CMP(stream0~2-3,stream2~2-3)),CMP(CMP(CMP(stream1~2-3,stream3~2-3),CMP(stream3~2-3,stream4~2-3)),CMP(stream1~2-3,stream3~2-3)))",
                "CMP(CMP(CMP(CMP(stream1~2-3,stream3~2-3),CMP(stream3~2-3,stream4~2-3)),CMP(stream1~2-3,stream3~2-3)),CMP(CMP(stream1~2-3,stream3~2-3),CMP(stream3~2-3,stream4~2-3)))",
                "CMP(CMP(CMP(CMP(stream0~2-3,stream2~2-3),CMP(stream1~2-3,stream3~2-3)),CMP(CMP(stream1~2-3,stream3~2-3),CMP(stream3~2-3,stream4~2-3))),CMP(CMP(CMP(stream1~2-3,stream3~2-3),CMP(stream3~2-3,stream4~2-3)),CMP(stream1~2-3,stream3~2-3)))"
            ],
            "rsynapses": [
                "CMP(CMP(stream1~2-3,stream3~2-3),CMP(stream3~2-3,stream4~2-3))",
                "CMP(stream1~2-3,stream3~2-3)"
            ],
            "lastspike": 20,
            "occurs": 3,
            "refractory": 0,
            "level": 3
        },
        {
            "name": "CMP(CMP(CMP(CMP(stream1~2-3,stream3~2-3),CMP(stream3~2-3,stream4~2-3)),CMP(stream1~2-3,stream3~2-3)),CMP(CMP(stream0~2-3,stream2~2-3),CMP(stream1~2-3,stream3~2-3)))",
            "potential": 0.0,
            "fsynapses": [],
            "rsynapses": [
                "CMP(CMP(CMP(stream1~2-3,stream3~2-3),CMP(stream3~2-3,stream4~2-3)),CMP(stream1~2-3,stream3~2-3))",
                "CMP(CMP(stream0~2-3,stream2~2-3),CMP(stream1~2-3,stream3~2-3))"
            ],
            "lastspike": 21,
            "occurs": 4,
            "refractory": 0,
            "level": 4
        },
        {
            "name": "CMP(CMP(CMP(CMP(stream0~2-3,stream2~2-3),CMP(stream1~2-3,stream3~2-3)),CMP(stream0~2-3,stream2~2-3)),CMP(CMP(CMP(stream1~2-3,stream3~2-3),CMP(stream3~2-3,stream4~2-3)),CMP(stream1~2-3,stream3~2-3)))",
            "potential": 0.0,
            "fsynapses": [],
            "rsynapses": [
                "CMP(CMP(CMP(stream0~2-3,stream2~2-3),CMP(stream1~2-3,stream3~2-3)),CMP(stream0~2-3,stream2~2-3))",
                "CMP(CMP(CMP(stream1~2-3,stream3~2-3),CMP(stream3~2-3,stream4~2-3)),CMP(stream1~2-3,stream3~2-3))"
            ],
            "lastspike": 22,
            "occurs": 3,
            "refractory": 0,
            "level": 4
        },
        {
            "name": "CMP(CMP(CMP(stream0~2-3,stream2~2-3),CMP(stream1~2-3,stream3~2-3)),CMP(CMP(stream1~2-3,stream3~2-3),CMP(stream3~2-3,stream4~2-3)))",
            "potential": 0.0,
            "fsynapses": [
                "CMP(CMP(CMP(CMP(stream0~2-3,stream2~2-3),CMP(stream1~2-3,stream3~2-3)),CMP(CMP(stream0~2-3,stream2~2-3),stream0~2-3)),CMP(CMP(CMP(stream0~2-3,stream2~2-3),CMP(stream1~2-3,stream3~2-3)),CMP(CMP(stream1~2-3,stream3~2-3),CMP(stream3~2-3,stream4~2-3))))",
                "CMP(CMP(CMP(CMP(stream0~2-3,stream2~2-3),CMP(stream1~2-3,stream3~2-3)),CMP(CMP(stream1~2-3,stream3~2-3),CMP(stream3~2-3,stream4~2-3))),CMP(CMP(stream0~2-3,stream2~2-3),stream0~2-3))",
                "CMP(CMP(CMP(CMP(stream0~2-3,stream2~2-3),CMP(stream1~2-3,stream3~2-3)),CMP(CMP(stream1~2-3,stream3~2-3),CMP(stream3~2-3,stream4~2-3))),CMP(CMP(CMP(stream1~2-3,stream3~2-3),CMP(stream3~2-3,stream4~2-3)),CMP(stream1~2-3,stream3~2-3)))",
                "CMP(CMP(CMP(CMP(stream0~2-3,stream2~2-3),CMP(stream1~2-3,stream3~2-3)),CMP(CMP(stream1~2-3,stream3~2-3),CMP(stream3~2-3,stream4~2-3))),CMP(CMP(CMP(stream0~2-3,stream2~2-3),CMP(stream1~2-3,stream3~2-3)),CMP(CMP(stream1~2-3,stream3~2-3),stream2~2-3)))"
            ],
            "rsynapses": [
                "CMP(CMP(stream0~2-3,stream2~2-3),CMP(stream1~2-3,stream3~2-3))",
                "CMP(CMP(stream1~2-3,stream3~2-3),CMP(stream3~2-3,stream4~2-3))"
            ],
            "lastspike": 22,
            "occurs": 3,
            "refractory": 0,
            "level": 3
        },
        {
            "name": "CMP(CMP(CMP(stream1~2-3,stream3~2-3),CMP(stream3~2-3,stream4~2-3)),CMP(stream3~2-3,stream4~2-3))",
            "potential": 0.0,
            "fsynapses": [
                "CMP(CMP(CMP(CMP(stream0~2-3,stream2~2-3),CMP(stream1~2-3,stream3~2-3)),CMP(CMP(stream1~2-3,stream3~2-3),stream2~2-3)),CMP(CMP(CMP(stream1~2-3,stream3~2-3),CMP(stream3~2-3,stream4~2-3)),CMP(stream3~2-3,stream4~2-3)))"
            ],
            "rsynapses": [
                "CMP(CMP(stream1~2-3,stream3~2-3),CMP(stream3~2-3,stream4~2-3))",
                "CMP(stream3~2-3,stream4~2-3)"
            ],
            "lastspike": 23,
            "occurs": 2,
            "refractory": 0,
            "level": 3
        },
        {
            "name": "CMP(CMP(CMP(CMP(stream1~2-3,stream3~2-3),CMP(stream3~2-3,stream4~2-3)),CMP(stream1~2-3,stream3~2-3)),CMP(CMP(stream1~2-3,stream3~2-3),CMP(stream3~2-3,stream4~2-3)))",
            "potential": 0.0,
            "fsynapses": [],
            "rsynapses": [
                "CMP(CMP(CMP(stream1~2-3,stream3~2-3),CMP(stream3~2-3,stream4~2-3)),CMP(stream1~2-3,stream3~2-3))",
                "CMP(CMP(stream1~2-3,stream3~2-3),CMP(stream3~2-3,stream4~2-3))"
            ],
            "lastspike": 24,
            "occurs": 2,
            "refractory": 0,
            "level": 4
        },
        {
            "name": "CMP(CMP(CMP(CMP(stream0~2-3,stream2~2-3),CMP(stream1~2-3,stream3~2-3)),CMP(CMP(stream0~2-3,stream2~2-3),stream0~2-3)),CMP(CMP(stream0~2-3,stream2~2-3),stream0~2-3))",
            "potential": 0.0,
            "fsynapses": [],
            "rsynapses": [
                "CMP(CMP(CMP(stream0~2-3,stream2~2-3),CMP(stream1~2-3,stream3~2-3)),CMP(CMP(stream0~2-3,stream2~2-3),stream0~2-3))",
                "CMP(CMP(stream0~2-3,stream2~2-3),stream0~2-3)"
            ],
            "lastspike": 29,
            "occurs": 3,
            "refractory": 0,
            "level": 4
        },
        {
            "name": "CMP(CMP(CMP(CMP(stream0~2-3,stream2~2-3),CMP(stream1~2-3,stream3~2-3)),CMP(CMP(stream0~2-3,stream2~2-3),stream0~2-3)),CMP(CMP(CMP(stream0~2-3,stream2~2-3),CMP(stream1~2-3,stream3~2-3)),CMP(CMP(stream1~2-3,stream3~2-3),CMP(stream3~2-3,stream4~2-3))))",
            "potential": 0.0,
            "fsynapses": [],
            "rsynapses": [
                "CMP(CMP(CMP(stream0~2-3,stream2~2-3),CMP(stream1~2-3,stream3~2-3)),CMP(CMP(stream0~2-3,stream2~2-3),stream0~2-3))",
                "CMP(CMP(CMP(stream0~2-3,stream2~2-3),CMP(stream1~2-3,stream3~2-3)),CMP(CMP(stream1~2-3,stream3~2-3),CMP(stream3~2-3,stream4~2-3)))"
            ],
            "lastspike": 30,
            "occurs": 3,
            "refractory": 0,
            "level": 4
        },
        {
            "name": "CMP(CMP(CMP(CMP(stream0~2-3,stream2~2-3),CMP(stream1~2-3,stream3~2-3)),CMP(CMP(stream0~2-3,stream2~2-3),stream0~2-3)),CMP(CMP(CMP(stream0~2-3,stream2~2-3),CMP(stream1~2-3,stream3~2-3)),CMP(stream0~2-3,stream2~2-3)))",
            "potential": 0.0,
            "fsynapses": [],
            "rsynapses": [
                "CMP(CMP(CMP(stream0~2-3,stream2~2-3),CMP(stream1~2-3,stream3~2-3)),CMP(CMP(stream0~2-3,stream2~2-3),stream0~2-3))",
                "CMP(CMP(CMP(stream0~2-3,stream2~2-3),CMP(stream1~2-3,stream3~2-3)),CMP(stream0~2-3,stream2~2-3))"
            ],
            "lastspike": 31,
            "occurs": 2,
            "refractory": 0,
            "level": 4
        },
        {
            "name": "CMP(CMP(CMP(CMP(stream0~2-3,stream2~2-3),CMP(stream1~2-3,stream3~2-3)),CMP(CMP(stream1~2-3,stream3~2-3),CMP(stream3~2-3,stream4~2-3))),CMP(CMP(stream0~2-3,stream2~2-3),stream0~2-3))",
            "potential": 0.0,
            "fsynapses": [],
            "rsynapses": [
                "CMP(CMP(CMP(stream0~2-3,stream2~2-3),CMP(stream1~2-3,stream3~2-3)),CMP(CMP(stream1~2-3,stream3~2-3),CMP(stream3~2-3,stream4~2-3)))",
                "CMP(CMP(stream0~2-3,stream2~2-3),stream0~2-3)"
            ],
            "lastspike": 31,
            "occurs": 2,
            "refractory": 0,
            "level": 4
        },
        {
            "name": "CMP(CMP(stream1~2-3,stream2~2-3),CMP(stream1~2-3,stream3~2-3))",
            "potential": 0.0,
            "fsynapses": [
                "CMP(CMP(CMP(stream1~2-3,stream2~2-3),CMP(stream1~2-3,stream3~2-3)),CMP(CMP(stream1~2-3,stream3~2-3),CMP(stream3~2-3,stream4~2-3)))",
                "CMP(CMP(CMP(stream1~2-3,stream2~2-3),CMP(stream1~2-3,stream3~2-3)),CMP(stream1~2-3,stream3~2-3))"
            ],
            "rsynapses": [
                "CMP(stream1~2-3,stream2~2-3)",
                "CMP(stream1~2-3,stream3~2-3)"
            ],
            "lastspike": 31,
            "occurs": 2,
            "refractory": 0,
            "level": 2
        },
        {
            "name": "CMP(CMP(CMP(stream0~2-3,stream2~2-3),CMP(stream1~2-3,stream3~2-3)),CMP(CMP(stream1~2-3,stream3~2-3),stream2~2-3))",
            "potential": 0.0,
            "fsynapses": [
                "CMP(CMP(CMP(CMP(stream0~2-3,stream2~2-3),CMP(stream1~2-3,stream3~2-3)),CMP(CMP(stream1~2-3,stream3~2-3),stream2~2-3)),CMP(CMP(CMP(stream1~2-3,stream3~2-3),CMP(stream3~2-3,stream4~2-3)),CMP(stream3~2-3,stream4~2-3)))",
                "CMP(CMP(CMP(CMP(stream0~2-3,stream2~2-3),CMP(stream1~2-3,stream3~2-3)),CMP(CMP(stream1~2-3,stream3~2-3),CMP(stream3~2-3,stream4~2-3))),CMP(CMP(CMP(stream0~2-3,stream2~2-3),CMP(stream1~2-3,stream3~2-3)),CMP(CMP(stream1~2-3,stream3~2-3),stream2~2-3)))"
            ],
            "rsynapses": [
                "CMP(CMP(stream0~2-3,stream2~2-3),CMP(stream1~2-3,stream3~2-3))",
                "CMP(CMP(stream1~2-3,stream3~2-3),stream2~2-3)"
            ],
            "lastspike": 32,
            "occurs": 3,
            "refractory": 0,
            "level": 3
        },
        {
            "name": "CMP(CMP(CMP(stream1~2-3,stream2~2-3),CMP(stream1~2-3,stream3~2-3)),CMP(CMP(stream1~2-3,stream3~2-3),CMP(stream3~2-3,stream4~2-3)))",
            "potential": 0.0,
            "fsynapses": [
                "CMP(CMP(CMP(CMP(stream1~2-3,stream2~2-3),CMP(stream1~2-3,stream3~2-3)),CMP(CMP(stream1~2-3,stream3~2-3),CMP(stream3~2-3,stream4~2-3))),CMP(CMP(stream0~2-3,stream2~2-3),CMP(stream1~2-3,stream3~2-3)))"
            ],
            "rsynapses": [
                "CMP(CMP(stream1~2-3,stream2~2-3),CMP(stream1~2-3,stream3~2-3))",
                "CMP(CMP(stream1~2-3,stream3~2-3),CMP(stream3~2-3,stream4~2-3))"
            ],
            "lastspike": 32,
            "occurs": 2,
            "refractory": 0,
            "level": 3
        },
        {
            "name": "CMP(CMP(CMP(CMP(stream0~2-3,stream2~2-3),CMP(stream1~2-3,stream3~2-3)),CMP(CMP(stream1~2-3,stream3~2-3),CMP(stream3~2-3,stream4~2-3))),CMP(CMP(CMP(stream1~2-3,stream3~2-3),CMP(stream3~2-3,stream4~2-3)),CMP(stream1~2-3,stream3~2-3)))",
            "potential": 0.0,
            "fsynapses": [],
            "rsynapses": [
                "CMP(CMP(CMP(stream0~2-3,stream2~2-3),CMP(stream1~2-3,stream3~2-3)),CMP(CMP(stream1~2-3,stream3~2-3),CMP(stream3~2-3,stream4~2-3)))",
                "CMP(CMP(CMP(stream1~2-3,stream3~2-3),CMP(stream3~2-3,stream4~2-3)),CMP(stream1~2-3,stream3~2-3))"
            ],
            "lastspike": 33,
            "occurs": 2,
            "refractory": 0,
            "level": 4
        },
        {
            "name": "CMP(CMP(CMP(CMP(stream0~2-3,stream2~2-3),CMP(stream1~2-3,stream3~2-3)),CMP(CMP(stream1~2-3,stream3~2-3),stream2~2-3)),CMP(CMP(CMP(stream1~2-3,stream3~2-3),CMP(stream3~2-3,stream4~2-3)),CMP(stream3~2-3,stream4~2-3)))",
            "potential": 0.0,
            "fsynapses": [],
            "rsynapses": [
                "CMP(CMP(CMP(stream0~2-3,stream2~2-3),CMP(stream1~2-3,stream3~2-3)),CMP(CMP(stream1~2-3,stream3~2-3),stream2~2-3))",
                "CMP(CMP(CMP(stream1~2-3,stream3~2-3),CMP(stream3~2-3,stream4~2-3)),CMP(stream3~2-3,stream4~2-3))"
            ],
            "lastspike": 33,
            "occurs": 3,
            "refractory": 0,
            "level": 4
        },
        {
            "name": "CMP(CMP(CMP(CMP(stream1~2-3,stream2~2-3),CMP(stream1~2-3,stream3~2-3)),CMP(CMP(stream1~2-3,stream3~2-3),CMP(stream3~2-3,stream4~2-3))),CMP(CMP(stream0~2-3,stream2~2-3),CMP(stream1~2-3,stream3~2-3)))",
            "potential": 0.0,
            "fsynapses": [],
            "rsynapses": [
                "CMP(CMP(CMP(stream1~2-3,stream2~2-3),CMP(stream1~2-3,stream3~2-3)),CMP(CMP(stream1~2-3,stream3~2-3),CMP(stream3~2-3,stream4~2-3)))",
                "CMP(CMP(stream0~2-3,stream2~2-3),CMP(stream1~2-3,stream3~2-3))"
            ],
            "lastspike": 33,
            "occurs": 2,
            "refractory": 0,
            "level": 4
        },
        {
            "name": "CMP(CMP(CMP(stream1~2-3,stream3~2-3),CMP(stream3~2-3,stream4~2-3)),CMP(CMP(stream1~2-3,stream3~2-3),stream2~2-3))",
            "potential": 0.0,
            "fsynapses": [],
            "rsynapses": [
                "CMP(CMP(stream1~2-3,stream3~2-3),CMP(stream3~2-3,stream4~2-3))",
                "CMP(CMP(stream1~2-3,stream3~2-3),stream2~2-3)"
            ],
            "lastspike": 33,
            "occurs": 1,
            "refractory": 0,
            "level": 3
        },
        {
            "name": "CMP(CMP(CMP(stream1~2-3,stream2~2-3),CMP(stream1~2-3,stream3~2-3)),CMP(stream1~2-3,stream3~2-3))",
            "potential": 0.0,
            "fsynapses": [],
            "rsynapses": [
                "CMP(CMP(stream1~2-3,stream2~2-3),CMP(stream1~2-3,stream3~2-3))",
                "CMP(stream1~2-3,stream3~2-3)"
            ],
            "lastspike": 33,
            "occurs": 1,
            "refractory": 0,
            "level": 3
        },
        {
            "name": "CMP(CMP(CMP(CMP(stream0~2-3,stream2~2-3),CMP(stream1~2-3,stream3~2-3)),CMP(CMP(stream1~2-3,stream3~2-3),CMP(stream3~2-3,stream4~2-3))),CMP(CMP(CMP(stream0~2-3,stream2~2-3),CMP(stream1~2-3,stream3~2-3)),CMP(CMP(stream1~2-3,stream3~2-3),stream2~2-3)))",
            "potential": 0.0,
            "fsynapses": [],
            "rsynapses": [
                "CMP(CMP(CMP(stream0~2-3,stream2~2-3),CMP(stream1~2-3,stream3~2-3)),CMP(CMP(stream1~2-3,stream3~2-3),CMP(stream3~2-3,stream4~2-3)))",
                "CMP(CMP(CMP(stream0~2-3,stream2~2-3),CMP(stream1~2-3,stream3~2-3)),CMP(CMP(stream1~2-3,stream3~2-3),stream2~2-3))"
            ],
            "lastspike": 38,
            "occurs": 2,
            "refractory": 0,
            "level": 4
        },
        {
            "name": "stream6~2-3",
            "potential": 0.0,
            "fsynapses": [
                "CMP(stream6~2-3,stream7~2-3)"
            ],
            "rsynapses": [],
            "lastspike": 44,
            "occurs": 3,
            "refractory": 0,
            "level": 0
        },
        {
            "name": "stream7~2-3",
            "potential": 0.0,
            "fsynapses": [
                "CMP(stream6~2-3,stream7~2-3)"
            ],
            "rsynapses": [],
            "lastspike": 47,
            "occurs": 3,
            "refractory": 0,
            "level": 0
        },
        {
            "name": "CMP(stream6~2-3,stream7~2-3)",
            "potential": 0.0,
            "fsynapses": [],
            "rsynapses": [
                "stream6~2-3",
                "stream7~2-3"
            ],
            "lastspike": 47,
            "occurs": 1,
            "refractory": 0,
            "level": 1
        }
    ],
    "synapses": [
        {
            "fref": "CMP(stream0~2-3,stream2~2-3)",
            "rref": "stream0~2-3",
            "wgt": 0.6604300000000001,
            "occurs": 2,
            "lastspike": 28
        },
        {
            "fref": "CMP(stream0~2-3,stream2~2-3)",
            "rref": "stream2~2-3",
            "wgt": 0.6604300000000001,
            "occurs": 1,
            "lastspike": 17
        },
        {
            "fref": "CMP(stream1~2-3,stream3~2-3)",
            "rref": "stream1~2-3",
            "wgt": 0.5149,
            "occurs": 2,
            "lastspike": 31
        },
        {
            "fref": "CMP(stream1~2-3,stream3~2-3)",
            "rref": "stream3~2-3",
            "wgt": 0.5149,
            "occurs": 1,
            "lastspike": 19
        },
        {
            "fref": "CMP(stream3~2-3,stream4~2-3)",
            "rref": "stream3~2-3",
            "wgt": 0.307,
            "occurs": 1,
            "lastspike": 19
        },
        {
            "fref": "CMP(stream3~2-3,stream4~2-3)",
            "rref": "stream4~2-3",
            "wgt": 0.307,
            "occurs": 0,
            "lastspike": ""
        },
        {
            "fref": "CMP(CMP(stream0~2-3,stream2~2-3),stream0~2-3)",
            "rref": "CMP(stream0~2-3,stream2~2-3)",
            "wgt": 0.01,
            "occurs": 2,
            "lastspike": 29
        },
        {
            "fref": "CMP(CMP(stream0~2-3,stream2~2-3),stream0~2-3)",
            "rref": "stream0~2-3",
            "wgt": 0.01,
            "occurs": 1,
            "lastspike": 28
        },
        {
            "fref": "CMP(CMP(CMP(stream0~2-3,stream2~2-3),stream0~2-3),CMP(stream0~2-3,stream2~2-3))",
            "rref": "CMP(CMP(stream0~2-3,stream2~2-3),stream0~2-3)",
            "wgt": 0.307,
            "occurs": 2,
            "lastspike": 29
        },
        {
            "fref": "CMP(CMP(CMP(stream0~2-3,stream2~2-3),stream0~2-3),CMP(stream0~2-3,stream2~2-3))",
            "rref": "CMP(stream0~2-3,stream2~2-3)",
            "wgt": 0.307,
            "occurs": 1,
            "lastspike": 29
        },
        {
            "fref": "CMP(CMP(CMP(CMP(stream0~2-3,stream2~2-3),stream0~2-3),CMP(stream0~2-3,stream2~2-3)),CMP(CMP(stream0~2-3,stream2~2-3),stream0~2-3))",
            "rref": "CMP(CMP(CMP(stream0~2-3,stream2~2-3),stream0~2-3),CMP(stream0~2-3,stream2~2-3))",
            "wgt": 0.307,
            "occurs": 2,
            "lastspike": 30
        },
        {
            "fref": "CMP(CMP(CMP(CMP(stream0~2-3,stream2~2-3),stream0~2-3),CMP(stream0~2-3,stream2~2-3)),CMP(CMP(stream0~2-3,stream2~2-3),stream0~2-3))",
            "rref": "CMP(CMP(stream0~2-3,stream2~2-3),stream0~2-3)",
            "wgt": 0.307,
            "occurs": 1,
            "lastspike": 29
        },
        {
            "fref": "CMP(CMP(stream0~2-3,stream2~2-3),CMP(stream1~2-3,stream3~2-3))",
            "rref": "CMP(stream0~2-3,stream2~2-3)",
            "wgt": 0.01,
            "occurs": 1,
            "lastspike": 29
        },
        {
            "fref": "CMP(CMP(stream0~2-3,stream2~2-3),CMP(stream1~2-3,stream3~2-3))",
            "rref": "CMP(stream1~2-3,stream3~2-3)",
            "wgt": 0.01,
            "occurs": 2,
            "lastspike": 32
        },
        {
            "fref": "CMP(stream1~2-3,stream2~2-3)",
            "rref": "stream1~2-3",
            "wgt": 0.01,
            "occurs": 1,
            "lastspike": 31
        },
        {
            "fref": "CMP(stream1~2-3,stream2~2-3)",
            "rref": "stream2~2-3",
            "wgt": 0.01,
            "occurs": 0,
            "lastspike": ""
        },
        {
            "fref": "CMP(CMP(CMP(stream0~2-3,stream2~2-3),CMP(stream1~2-3,stream3~2-3)),CMP(stream0~2-3,stream2~2-3))",
            "rref": "CMP(CMP(stream0~2-3,stream2~2-3),CMP(stream1~2-3,stream3~2-3))",
            "wgt": 0.5149,
            "occurs": 3,
            "lastspike": 38
        },
        {
            "fref": "CMP(CMP(CMP(stream0~2-3,stream2~2-3),CMP(stream1~2-3,stream3~2-3)),CMP(stream0~2-3,stream2~2-3))",
            "rref": "CMP(stream0~2-3,stream2~2-3)",
            "wgt": 0.5149,
            "occurs": 1,
            "lastspike": 29
        },
        {
            "fref": "CMP(CMP(stream1~2-3,stream3~2-3),stream2~2-3)",
            "rref": "CMP(stream1~2-3,stream3~2-3)",
            "wgt": 0.01,
            "occurs": 1,
            "lastspike": 32
        },
        {
            "fref": "CMP(CMP(stream1~2-3,stream3~2-3),stream2~2-3)",
            "rref": "stream2~2-3",
            "wgt": 0.01,
            "occurs": 0,
            "lastspike": ""
        },
        {
            "fref": "CMP(CMP(CMP(CMP(stream0~2-3,stream2~2-3),CMP(stream1~2-3,stream3~2-3)),CMP(stream0~2-3,stream2~2-3)),CMP(CMP(CMP(stream0~2-3,stream2~2-3),stream0~2-3),CMP(stream0~2-3,stream2~2-3)))",
            "rref": "CMP(CMP(CMP(stream0~2-3,stream2~2-3),CMP(stream1~2-3,stream3~2-3)),CMP(stream0~2-3,stream2~2-3))",
            "wgt": 0.762301,
            "occurs": 3,
            "lastspike": 39
        },
        {
            "fref": "CMP(CMP(CMP(CMP(stream0~2-3,stream2~2-3),CMP(stream1~2-3,stream3~2-3)),CMP(stream0~2-3,stream2~2-3)),CMP(CMP(CMP(stream0~2-3,stream2~2-3),stream0~2-3),CMP(stream0~2-3,stream2~2-3)))",
            "rref": "CMP(CMP(CMP(stream0~2-3,stream2~2-3),stream0~2-3),CMP(stream0~2-3,stream2~2-3))",
            "wgt": 0.762301,
            "occurs": 1,
            "lastspike": 30
        },
        {
            "fref": "CMP(CMP(CMP(stream0~2-3,stream2~2-3),CMP(stream1~2-3,stream3~2-3)),CMP(CMP(stream0~2-3,stream2~2-3),stream0~2-3))",
            "rref": "CMP(CMP(stream0~2-3,stream2~2-3),CMP(stream1~2-3,stream3~2-3))",
            "wgt": 0.5149,
            "occurs": 2,
            "lastspike": 38
        },
        {
            "fref": "CMP(CMP(CMP(stream0~2-3,stream2~2-3),CMP(stream1~2-3,stream3~2-3)),CMP(CMP(stream0~2-3,stream2~2-3),stream0~2-3))",
            "rref": "CMP(CMP(stream0~2-3,stream2~2-3),stream0~2-3)",
            "wgt": 0.5149,
            "occurs": 1,
            "lastspike": 29
        },
        {
            "fref": "CMP(CMP(stream1~2-3,stream3~2-3),CMP(stream3~2-3,stream4~2-3))",
            "rref": "CMP(stream1~2-3,stream3~2-3)",
            "wgt": 0.01,
            "occurs": 1,
            "lastspike": 32
        },
        {
            "fref": "CMP(CMP(stream1~2-3,stream3~2-3),CMP(stream3~2-3,stream4~2-3))",
            "rref": "CMP(stream3~2-3,stream4~2-3)",
            "wgt": 0.01,
            "occurs": 1,
            "lastspike": 20
        },
        {
            "fref": "CMP(CMP(CMP(stream1~2-3,stream3~2-3),CMP(stream3~2-3,stream4~2-3)),CMP(stream1~2-3,stream3~2-3))",
            "rref": "CMP(CMP(stream1~2-3,stream3~2-3),CMP(stream3~2-3,stream4~2-3))",
            "wgt": 0.307,
            "occurs": 2,
            "lastspike": 33
        },
        {
            "fref": "CMP(CMP(CMP(stream1~2-3,stream3~2-3),CMP(stream3~2-3,stream4~2-3)),CMP(stream1~2-3,stream3~2-3))",
            "rref": "CMP(stream1~2-3,stream3~2-3)",
            "wgt": 0.307,
            "occurs": 1,
            "lastspike": 32
        },
        {
            "fref": "CMP(CMP(CMP(CMP(stream1~2-3,stream3~2-3),CMP(stream3~2-3,stream4~2-3)),CMP(stream1~2-3,stream3~2-3)),CMP(CMP(stream0~2-3,stream2~2-3),CMP(stream1~2-3,stream3~2-3)))",
            "rref": "CMP(CMP(CMP(stream1~2-3,stream3~2-3),CMP(stream3~2-3,stream4~2-3)),CMP(stream1~2-3,stream3~2-3))",
            "wgt": 0.01,
            "occurs": 2,
            "lastspike": 33
        },
        {
            "fref": "CMP(CMP(CMP(CMP(stream1~2-3,stream3~2-3),CMP(stream3~2-3,stream4~2-3)),CMP(stream1~2-3,stream3~2-3)),CMP(CMP(stream0~2-3,stream2~2-3),CMP(stream1~2-3,stream3~2-3)))",
            "rref": "CMP(CMP(stream0~2-3,stream2~2-3),CMP(stream1~2-3,stream3~2-3))",
            "wgt": 0.01,
            "occurs": 2,
            "lastspike": 38
        },
        {
            "fref": "CMP(CMP(CMP(CMP(stream0~2-3,stream2~2-3),CMP(stream1~2-3,stream3~2-3)),CMP(stream0~2-3,stream2~2-3)),CMP(CMP(CMP(stream1~2-3,stream3~2-3),CMP(stream3~2-3,stream4~2-3)),CMP(stream1~2-3,stream3~2-3)))",
            "rref": "CMP(CMP(CMP(stream0~2-3,stream2~2-3),CMP(stream1~2-3,stream3~2-3)),CMP(stream0~2-3,stream2~2-3))",
            "wgt": 0.5149,
            "occurs": 2,
            "lastspike": 39
        },
        {
            "fref": "CMP(CMP(CMP(CMP(stream0~2-3,stream2~2-3),CMP(stream1~2-3,stream3~2-3)),CMP(stream0~2-3,stream2~2-3)),CMP(CMP(CMP(stream1~2-3,stream3~2-3),CMP(stream3~2-3,stream4~2-3)),CMP(stream1~2-3,stream3~2-3)))",
            "rref": "CMP(CMP(CMP(stream1~2-3,stream3~2-3),CMP(stream3~2-3,stream4~2-3)),CMP(stream1~2-3,stream3~2-3))",
            "wgt": 0.5149,
            "occurs": 1,
            "lastspike": 33
        },
        {
            "fref": "CMP(CMP(CMP(stream0~2-3,stream2~2-3),CMP(stream1~2-3,stream3~2-3)),CMP(CMP(stream1~2-3,stream3~2-3),CMP(stream3~2-3,stream4~2-3)))",
            "rref": "CMP(CMP(stream0~2-3,stream2~2-3),CMP(stream1~2-3,stream3~2-3))",
            "wgt": 0.01,
            "occurs": 2,
            "lastspike": 38
        },
        {
            "fref": "CMP(CMP(CMP(stream0~2-3,stream2~2-3),CMP(stream1~2-3,stream3~2-3)),CMP(CMP(stream1~2-3,stream3~2-3),CMP(stream3~2-3,stream4~2-3)))",
            "rref": "CMP(CMP(stream1~2-3,stream3~2-3),CMP(stream3~2-3,stream4~2-3))",
            "wgt": 0.01,
            "occurs": 1,
            "lastspike": 33
        },
        {
            "fref": "CMP(CMP(CMP(stream1~2-3,stream3~2-3),CMP(stream3~2-3,stream4~2-3)),CMP(stream3~2-3,stream4~2-3))",
            "rref": "CMP(CMP(stream1~2-3,stream3~2-3),CMP(stream3~2-3,stream4~2-3))",
            "wgt": 0.01,
            "occurs": 1,
            "lastspike": 33
        },
        {
            "fref": "CMP(CMP(CMP(stream1~2-3,stream3~2-3),CMP(stream3~2-3,stream4~2-3)),CMP(stream3~2-3,stream4~2-3))",
            "rref": "CMP(stream3~2-3,stream4~2-3)",
            "wgt": 0.01,
            "occurs": 0,
            "lastspike": ""
        },
        {
            "fref": "CMP(CMP(CMP(CMP(stream1~2-3,stream3~2-3),CMP(stream3~2-3,stream4~2-3)),CMP(stream1~2-3,stream3~2-3)),CMP(CMP(stream1~2-3,stream3~2-3),CMP(stream3~2-3,stream4~2-3)))",
            "rref": "CMP(CMP(CMP(stream1~2-3,stream3~2-3),CMP(stream3~2-3,stream4~2-3)),CMP(stream1~2-3,stream3~2-3))",
            "wgt": 0.01,
            "occurs": 1,
            "lastspike": 33
        },
        {
            "fref": "CMP(CMP(CMP(CMP(stream1~2-3,stream3~2-3),CMP(stream3~2-3,stream4~2-3)),CMP(stream1~2-3,stream3~2-3)),CMP(CMP(stream1~2-3,stream3~2-3),CMP(stream3~2-3,stream4~2-3)))",
            "rref": "CMP(CMP(stream1~2-3,stream3~2-3),CMP(stream3~2-3,stream4~2-3))",
            "wgt": 0.01,
            "occurs": 1,
            "lastspike": 33
        },
        {
            "fref": "CMP(CMP(CMP(CMP(stream0~2-3,stream2~2-3),CMP(stream1~2-3,stream3~2-3)),CMP(CMP(stream0~2-3,stream2~2-3),stream0~2-3)),CMP(CMP(stream0~2-3,stream2~2-3),stream0~2-3))",
            "rref": "CMP(CMP(CMP(stream0~2-3,stream2~2-3),CMP(stream1~2-3,stream3~2-3)),CMP(CMP(stream0~2-3,stream2~2-3),stream0~2-3))",
            "wgt": 0.01,
            "occurs": 2,
            "lastspike": 39
        },
        {
            "fref": "CMP(CMP(CMP(CMP(stream0~2-3,stream2~2-3),CMP(stream1~2-3,stream3~2-3)),CMP(CMP(stream0~2-3,stream2~2-3),stream0~2-3)),CMP(CMP(stream0~2-3,stream2~2-3),stream0~2-3))",
            "rref": "CMP(CMP(stream0~2-3,stream2~2-3),stream0~2-3)",
            "wgt": 0.01,
            "occurs": 0,
            "lastspike": ""
        },
        {
            "fref": "CMP(CMP(CMP(CMP(stream0~2-3,stream2~2-3),CMP(stream1~2-3,stream3~2-3)),CMP(CMP(stream0~2-3,stream2~2-3),stream0~2-3)),CMP(CMP(CMP(stream0~2-3,stream2~2-3),CMP(stream1~2-3,stream3~2-3)),CMP(CMP(stream1~2-3,stream3~2-3),CMP(stream3~2-3,stream4~2-3))))",
            "rref": "CMP(CMP(CMP(stream0~2-3,stream2~2-3),CMP(stream1~2-3,stream3~2-3)),CMP(CMP(stream0~2-3,stream2~2-3),stream0~2-3))",
            "wgt": 0.307,
            "occurs": 1,
            "lastspike": 39
        },
        {
            "fref": "CMP(CMP(CMP(CMP(stream0~2-3,stream2~2-3),CMP(stream1~2-3,stream3~2-3)),CMP(CMP(stream0~2-3,stream2~2-3),stream0~2-3)),CMP(CMP(CMP(stream0~2-3,stream2~2-3),CMP(stream1~2-3,stream3~2-3)),CMP(CMP(stream1~2-3,stream3~2-3),CMP(stream3~2-3,stream4~2-3))))",
            "rref": "CMP(CMP(CMP(stream0~2-3,stream2~2-3),CMP(stream1~2-3,stream3~2-3)),CMP(CMP(stream1~2-3,stream3~2-3),CMP(stream3~2-3,stream4~2-3)))",
            "wgt": 0.307,
            "occurs": 2,
            "lastspike": 39
        },
        {
            "fref": "CMP(CMP(CMP(CMP(stream0~2-3,stream2~2-3),CMP(stream1~2-3,stream3~2-3)),CMP(CMP(stream0~2-3,stream2~2-3),stream0~2-3)),CMP(CMP(CMP(stream0~2-3,stream2~2-3),CMP(stream1~2-3,stream3~2-3)),CMP(stream0~2-3,stream2~2-3)))",
            "rref": "CMP(CMP(CMP(stream0~2-3,stream2~2-3),CMP(stream1~2-3,stream3~2-3)),CMP(CMP(stream0~2-3,stream2~2-3),stream0~2-3))",
            "wgt": 0.307,
            "occurs": 1,
            "lastspike": 39
        },
        {
            "fref": "CMP(CMP(CMP(CMP(stream0~2-3,stream2~2-3),CMP(stream1~2-3,stream3~2-3)),CMP(CMP(stream0~2-3,stream2~2-3),stream0~2-3)),CMP(CMP(CMP(stream0~2-3,stream2~2-3),CMP(stream1~2-3,stream3~2-3)),CMP(stream0~2-3,stream2~2-3)))",
            "rref": "CMP(CMP(CMP(stream0~2-3,stream2~2-3),CMP(stream1~2-3,stream3~2-3)),CMP(stream0~2-3,stream2~2-3))",
            "wgt": 0.307,
            "occurs": 1,
            "lastspike": 39
        },
        {
            "fref": "CMP(CMP(CMP(CMP(stream0~2-3,stream2~2-3),CMP(stream1~2-3,stream3~2-3)),CMP(CMP(stream1~2-3,stream3~2-3),CMP(stream3~2-3,stream4~2-3))),CMP(CMP(stream0~2-3,stream2~2-3),stream0~2-3))",
            "rref": "CMP(CMP(CMP(stream0~2-3,stream2~2-3),CMP(stream1~2-3,stream3~2-3)),CMP(CMP(stream1~2-3,stream3~2-3),CMP(stream3~2-3,stream4~2-3)))",
            "wgt": 0.307,
            "occurs": 1,
            "lastspike": 39
        },
        {
            "fref": "CMP(CMP(CMP(CMP(stream0~2-3,stream2~2-3),CMP(stream1~2-3,stream3~2-3)),CMP(CMP(stream1~2-3,stream3~2-3),CMP(stream3~2-3,stream4~2-3))),CMP(CMP(stream0~2-3,stream2~2-3),stream0~2-3))",
            "rref": "CMP(CMP(stream0~2-3,stream2~2-3),stream0~2-3)",
            "wgt": 0.307,
            "occurs": 0,
            "lastspike": ""
        },
        {
            "fref": "CMP(CMP(stream1~2-3,stream2~2-3),CMP(stream1~2-3,stream3~2-3))",
            "rref": "CMP(stream1~2-3,stream2~2-3)",
            "wgt": 0.307,
            "occurs": 1,
            "lastspike": 32
        },
        {
            "fref": "CMP(CMP(stream1~2-3,stream2~2-3),CMP(stream1~2-3,stream3~2-3))",
            "rref": "CMP(stream1~2-3,stream3~2-3)",
            "wgt": 0.307,
            "occurs": 1,
            "lastspike": 32
        },
        {
            "fref": "CMP(CMP(CMP(stream0~2-3,stream2~2-3),CMP(stream1~2-3,stream3~2-3)),CMP(CMP(stream1~2-3,stream3~2-3),stream2~2-3))",
            "rref": "CMP(CMP(stream0~2-3,stream2~2-3),CMP(stream1~2-3,stream3~2-3))",
            "wgt": 0.01,
            "occurs": 1,
            "lastspike": 38
        },
        {
            "fref": "CMP(CMP(CMP(stream0~2-3,stream2~2-3),CMP(stream1~2-3,stream3~2-3)),CMP(CMP(stream1~2-3,stream3~2-3),stream2~2-3))",
            "rref": "CMP(CMP(stream1~2-3,stream3~2-3),stream2~2-3)",
            "wgt": 0.01,
            "occurs": 1,
            "lastspike": 33
        },
        {
            "fref": "CMP(CMP(CMP(stream1~2-3,stream2~2-3),CMP(stream1~2-3,stream3~2-3)),CMP(CMP(stream1~2-3,stream3~2-3),CMP(stream3~2-3,stream4~2-3)))",
            "rref": "CMP(CMP(stream1~2-3,stream2~2-3),CMP(stream1~2-3,stream3~2-3))",
            "wgt": 0.01,
            "occurs": 1,
            "lastspike": 33
        },
        {
            "fref": "CMP(CMP(CMP(stream1~2-3,stream2~2-3),CMP(stream1~2-3,stream3~2-3)),CMP(CMP(stream1~2-3,stream3~2-3),CMP(stream3~2-3,stream4~2-3)))",
            "rref": "CMP(CMP(stream1~2-3,stream3~2-3),CMP(stream3~2-3,stream4~2-3))",
            "wgt": 0.01,
            "occurs": 1,
            "lastspike": 33
        },
        {
            "fref": "CMP(CMP(CMP(CMP(stream0~2-3,stream2~2-3),CMP(stream1~2-3,stream3~2-3)),CMP(CMP(stream1~2-3,stream3~2-3),CMP(stream3~2-3,stream4~2-3))),CMP(CMP(CMP(stream1~2-3,stream3~2-3),CMP(stream3~2-3,stream4~2-3)),CMP(stream1~2-3,stream3~2-3)))",
            "rref": "CMP(CMP(CMP(stream0~2-3,stream2~2-3),CMP(stream1~2-3,stream3~2-3)),CMP(CMP(stream1~2-3,stream3~2-3),CMP(stream3~2-3,stream4~2-3)))",
            "wgt": 0.5149,
            "occurs": 1,
            "lastspike": 39
        },
        {
            "fref": "CMP(CMP(CMP(CMP(stream0~2-3,stream2~2-3),CMP(stream1~2-3,stream3~2-3)),CMP(CMP(stream1~2-3,stream3~2-3),CMP(stream3~2-3,stream4~2-3))),CMP(CMP(CMP(stream1~2-3,stream3~2-3),CMP(stream3~2-3,stream4~2-3)),CMP(stream1~2-3,stream3~2-3)))",
            "rref": "CMP(CMP(CMP(stream1~2-3,stream3~2-3),CMP(stream3~2-3,stream4~2-3)),CMP(stream1~2-3,stream3~2-3))",
            "wgt": 0.5149,
            "occurs": 0,
            "lastspike": ""
        },
        {
            "fref": "CMP(CMP(CMP(CMP(stream0~2-3,stream2~2-3),CMP(stream1~2-3,stream3~2-3)),CMP(CMP(stream1~2-3,stream3~2-3),stream2~2-3)),CMP(CMP(CMP(stream1~2-3,stream3~2-3),CMP(stream3~2-3,stream4~2-3)),CMP(stream3~2-3,stream4~2-3)))",
            "rref": "CMP(CMP(CMP(stream0~2-3,stream2~2-3),CMP(stream1~2-3,stream3~2-3)),CMP(CMP(stream1~2-3,stream3~2-3),stream2~2-3))",
            "wgt": 0.762301,
            "occurs": 2,
            "lastspike": 42
        },
        {
            "fref": "CMP(CMP(CMP(CMP(stream0~2-3,stream2~2-3),CMP(stream1~2-3,stream3~2-3)),CMP(CMP(stream1~2-3,stream3~2-3),stream2~2-3)),CMP(CMP(CMP(stream1~2-3,stream3~2-3),CMP(stream3~2-3,stream4~2-3)),CMP(stream3~2-3,stream4~2-3)))",
            "rref": "CMP(CMP(CMP(stream1~2-3,stream3~2-3),CMP(stream3~2-3,stream4~2-3)),CMP(stream3~2-3,stream4~2-3))",
            "wgt": 0.762301,
            "occurs": 1,
            "lastspike": 34
        },
        {
            "fref": "CMP(CMP(CMP(CMP(stream1~2-3,stream2~2-3),CMP(stream1~2-3,stream3~2-3)),CMP(CMP(stream1~2-3,stream3~2-3),CMP(stream3~2-3,stream4~2-3))),CMP(CMP(stream0~2-3,stream2~2-3),CMP(stream1~2-3,stream3~2-3)))",
            "rref": "CMP(CMP(CMP(stream1~2-3,stream2~2-3),CMP(stream1~2-3,stream3~2-3)),CMP(CMP(stream1~2-3,stream3~2-3),CMP(stream3~2-3,stream4~2-3)))",
            "wgt": 0.5149,
            "occurs": 1,
            "lastspike": 34
        },
        {
            "fref": "CMP(CMP(CMP(CMP(stream1~2-3,stream2~2-3),CMP(stream1~2-3,stream3~2-3)),CMP(CMP(stream1~2-3,stream3~2-3),CMP(stream3~2-3,stream4~2-3))),CMP(CMP(stream0~2-3,stream2~2-3),CMP(stream1~2-3,stream3~2-3)))",
            "rref": "CMP(CMP(stream0~2-3,stream2~2-3),CMP(stream1~2-3,stream3~2-3))",
            "wgt": 0.5149,
            "occurs": 1,
            "lastspike": 38
        },
        {
            "fref": "CMP(CMP(CMP(stream1~2-3,stream3~2-3),CMP(stream3~2-3,stream4~2-3)),CMP(CMP(stream1~2-3,stream3~2-3),stream2~2-3))",
            "rref": "CMP(CMP(stream1~2-3,stream3~2-3),CMP(stream3~2-3,stream4~2-3))",
            "wgt": 0.5149,
            "occurs": 0,
            "lastspike": ""
        },
        {
            "fref": "CMP(CMP(CMP(stream1~2-3,stream3~2-3),CMP(stream3~2-3,stream4~2-3)),CMP(CMP(stream1~2-3,stream3~2-3),stream2~2-3))",
            "rref": "CMP(CMP(stream1~2-3,stream3~2-3),stream2~2-3)",
            "wgt": 0.5149,
            "occurs": 0,
            "lastspike": ""
        },
        {
            "fref": "CMP(CMP(CMP(stream1~2-3,stream2~2-3),CMP(stream1~2-3,stream3~2-3)),CMP(stream1~2-3,stream3~2-3))",
            "rref": "CMP(CMP(stream1~2-3,stream2~2-3),CMP(stream1~2-3,stream3~2-3))",
            "wgt": 0.307,
            "occurs": 0,
            "lastspike": ""
        },
        {
            "fref": "CMP(CMP(CMP(stream1~2-3,stream2~2-3),CMP(stream1~2-3,stream3~2-3)),CMP(stream1~2-3,stream3~2-3))",
            "rref": "CMP(stream1~2-3,stream3~2-3)",
            "wgt": 0.307,
            "occurs": 0,
            "lastspike": ""
        },
        {
            "fref": "CMP(CMP(CMP(CMP(stream0~2-3,stream2~2-3),CMP(stream1~2-3,stream3~2-3)),CMP(CMP(stream1~2-3,stream3~2-3),CMP(stream3~2-3,stream4~2-3))),CMP(CMP(CMP(stream0~2-3,stream2~2-3),CMP(stream1~2-3,stream3~2-3)),CMP(CMP(stream1~2-3,stream3~2-3),stream2~2-3)))",
            "rref": "CMP(CMP(CMP(stream0~2-3,stream2~2-3),CMP(stream1~2-3,stream3~2-3)),CMP(CMP(stream1~2-3,stream3~2-3),CMP(stream3~2-3,stream4~2-3)))",
            "wgt": 0.01,
            "occurs": 1,
            "lastspike": 39
        },
        {
            "fref": "CMP(CMP(CMP(CMP(stream0~2-3,stream2~2-3),CMP(stream1~2-3,stream3~2-3)),CMP(CMP(stream1~2-3,stream3~2-3),CMP(stream3~2-3,stream4~2-3))),CMP(CMP(CMP(stream0~2-3,stream2~2-3),CMP(stream1~2-3,stream3~2-3)),CMP(CMP(stream1~2-3,stream3~2-3),stream2~2-3)))",
            "rref": "CMP(CMP(CMP(stream0~2-3,stream2~2-3),CMP(stream1~2-3,stream3~2-3)),CMP(CMP(stream1~2-3,stream3~2-3),stream2~2-3))",
            "wgt": 0.01,
            "occurs": 1,
            "lastspike": 42
        },
        {
            "fref": "CMP(stream6~2-3,stream7~2-3)",
            "rref": "stream6~2-3",
            "wgt": 0.01,
            "occurs": 0,
            "lastspike": ""
        },
        {
            "fref": "CMP(stream6~2-3,stream7~2-3)",
            "rref": "stream7~2-3",
            "wgt": 0.01,
            "occurs": 0,
            "lastspike": ""
        }
    ],
    "npruned": [
        {
            "name": "CMP(stream4~2-3,stream5~2-3)",
            "potential": 0.0,
            "fsynapses": [],
            "rsynapses": [
                "stream4~2-3",
                "stream5~2-3"
            ],
            "lastspike": 9,
            "occurs": 1,
            "level": 1
        },
        {
            "name": "CMP(CMP(stream3~2-3,stream4~2-3),stream3~2-3)",
            "potential": 0.0,
            "fsynapses": [],
            "rsynapses": [
                "CMP(stream3~2-3,stream4~2-3)",
                "stream3~2-3"
            ],
            "lastspike": 20,
            "occurs": 1,
            "level": 2
        },
        {
            "name": "CMP(CMP(CMP(stream1~2-3,stream2~2-3),CMP(stream1~2-3,stream3~2-3)),CMP(stream1~2-3,stream2~2-3))",
            "potential": 0.0,
            "fsynapses": [],
            "rsynapses": [
                "CMP(CMP(stream1~2-3,stream2~2-3),CMP(stream1~2-3,stream3~2-3))",
                "CMP(stream1~2-3,stream2~2-3)"
            ],
            "lastspike": 35,
            "occurs": 1,
            "level": 3
        },
        {
            "name": "CMP(CMP(CMP(CMP(stream1~2-3,stream2~2-3),CMP(stream1~2-3,stream3~2-3)),CMP(CMP(stream1~2-3,stream3~2-3),CMP(stream3~2-3,stream4~2-3))),CMP(CMP(stream1~2-3,stream3~2-3),stream2~2-3))",
            "potential": 0.0,
            "fsynapses": [],
            "rsynapses": [
                "CMP(CMP(CMP(stream1~2-3,stream2~2-3),CMP(stream1~2-3,stream3~2-3)),CMP(CMP(stream1~2-3,stream3~2-3),CMP(stream3~2-3,stream4~2-3)))",
                "CMP(CMP(stream1~2-3,stream3~2-3),stream2~2-3)"
            ],
            "lastspike": 36,
            "occurs": 1,
            "level": 4
        }
    ],
    "spruned": [
        {
            "fref": "CMP(stream4~2-3,stream5~2-3)",
            "rref": "stream4~2-3",
            "wgt": 0.01,
            "occurs": 1,
            "lastspike": ""
        },
        {
            "fref": "CMP(stream4~2-3,stream5~2-3)",
            "rref": "stream5~2-3",
            "wgt": 0.01,
            "occurs": 1,
            "lastspike": ""
        },
        {
            "fref": "CMP(CMP(stream3~2-3,stream4~2-3),stream3~2-3)",
            "rref": "CMP(stream3~2-3,stream4~2-3)",
            "wgt": 0.01,
            "occurs": 1,
            "lastspike": ""
        },
        {
            "fref": "CMP(CMP(stream3~2-3,stream4~2-3),stream3~2-3)",
            "rref": "stream3~2-3",
            "wgt": 0.01,
            "occurs": 1,
            "lastspike": ""
        },
        {
            "fref": "CMP(CMP(CMP(stream1~2-3,stream2~2-3),CMP(stream1~2-3,stream3~2-3)),CMP(stream1~2-3,stream2~2-3))",
            "rref": "CMP(CMP(stream1~2-3,stream2~2-3),CMP(stream1~2-3,stream3~2-3))",
            "wgt": 0.01,
            "occurs": 1,
            "lastspike": ""
        },
        {
            "fref": "CMP(CMP(CMP(stream1~2-3,stream2~2-3),CMP(stream1~2-3,stream3~2-3)),CMP(stream1~2-3,stream2~2-3))",
            "rref": "CMP(stream1~2-3,stream2~2-3)",
            "wgt": 0.01,
            "occurs": 1,
            "lastspike": ""
        },
        {
            "fref": "CMP(CMP(CMP(CMP(stream1~2-3,stream2~2-3),CMP(stream1~2-3,stream3~2-3)),CMP(CMP(stream1~2-3,stream3~2-3),CMP(stream3~2-3,stream4~2-3))),CMP(CMP(stream1~2-3,stream3~2-3),stream2~2-3))",
            "rref": "CMP(CMP(CMP(stream1~2-3,stream2~2-3),CMP(stream1~2-3,stream3~2-3)),CMP(CMP(stream1~2-3,stream3~2-3),CMP(stream3~2-3,stream4~2-3)))",
            "wgt": 0.01,
            "occurs": 1,
            "lastspike": ""
        },
        {
            "fref": "CMP(CMP(CMP(CMP(stream1~2-3,stream2~2-3),CMP(stream1~2-3,stream3~2-3)),CMP(CMP(stream1~2-3,stream3~2-3),CMP(stream3~2-3,stream4~2-3))),CMP(CMP(stream1~2-3,stream3~2-3),stream2~2-3))",
            "rref": "CMP(CMP(stream1~2-3,stream3~2-3),stream2~2-3)",
            "wgt": 0.01,
            "occurs": 1,
            "lastspike": ""
        }
    ],
    "params": {
        "BindingCount": 2,
        "PropagationLevels": 4,
        "PruneInterval": 30,
        "PruningThreshold": 0.2,
        "BindingThreshold": 0.5,
        "DownPotentialFactor": 0.2,
        "FiringThreshold": 0.25,
        "ZeroingThreshold": 0.1,
        "DecayFactor": 0.8,
        "InitialPotential": 0.2,
        "ReinforcementRate": 0.3,
        "RefractoryPeriod": 7,
        "PostSpikeFactor": 1.0,
        "DefaultEncoderCeiling": 1024,
        "DefaultEncoderFloor": 0,
        "DefaultEncoderResolution": 2,
        "TraceLength": 60
    },
    "tick": 73
}