{
    "neurones": [
        {
            "name": "S0~0-1",
            "potential": 0.08264527099461638,
            "fsynapses": [
                "CMP(S0~0-1,S1~0-1)",
                "CMP(CMP(S0~0-1,S1~0-1),S0~0-1)"
            ],
            "rsynapses": [],
            "lastspike": 35,
            "occurs": 9,
            "refractory": 0,
            "level": 0
        },
        {
            "name": "S1~0-1",
            "potential": 0.12913323592908807,
            "fsynapses": [
                "CMP(S0~0-1,S1~0-1)",
                "CMP(S1~0-1,S2~0-1)"
            ],
            "rsynapses": [],
            "lastspike": 37,
            "occurs": 9,
            "refractory": 0,
            "level": 0
        },
        {
            "name": "CMP(S0~0-1,S1~0-1)",
            "potential": 0.12978214666240007,
            "fsynapses": [
                "CMP(CMP(S0~0-1,S1~0-1),CMP(S1~0-1,S2~0-1))",
                "CMP(CMP(S0~0-1,S1~0-1),S0~0-1)"
            ],
            "rsynapses": [
                "S0~0-1",
                "S1~0-1"
            ],
            "lastspike": 3,
            "occurs": 4,
            "refractory": 0,
            "level": 1
        },
        {
            "name": "S2~0-1",
            "potential": 0.16395160312217605,
            "fsynapses": [
                "CMP(S1~0-1,S2~0-1)",
                "CMP(S2~0-1,S4~0-1)",
                "CMP(CMP(S2~0-1,S4~0-1),S2~0-1)",
                "CMP(CMP(S1~0-1,S2~0-1),S2~0-1)"
            ],
            "rsynapses": [],
            "lastspike": 38,
            "occurs": 9,
            "refractory": 1,
            "level": 0
        },
        {
            "name": "S4~0-1",
            "potential": 0.0,
            "fsynapses": [
                "CMP(S2~0-1,S4~0-1)"
            ],
            "rsynapses": [],
            "lastspike": 6,
            "occurs": 3,
            "refractory": 0,
            "level": 0
        },
        {
            "name": "CMP(S1~0-1,S2~0-1)",
            "potential": 0.26083328000000006,
            "fsynapses": [
                "CMP(CMP(S0~0-1,S1~0-1),CMP(S1~0-1,S2~0-1))",
                "CMP(CMP(S1~0-1,S2~0-1),CMP(S2~0-1,S4~0-1))",
                "CMP(CMP(S1~0-1,S2~0-1),S2~0-1)",
                "CMP(CMP(S1~0-1,S2~0-1),S3~0-1)"
            ],
            "rsynapses": [
                "S1~0-1",
                "S2~0-1"
            ],
            "lastspike": 6,
            "occurs": 5,
            "refractory": 1,
            "level": 1
        },
        {
            "name": "CMP(S2~0-1,S4~0-1)",
            "potential": 0.15057770781900803,
            "fsynapses": [
                "CMP(CMP(S2~0-1,S4~0-1),S2~0-1)",
                "CMP(CMP(S1~0-1,S2~0-1),CMP(S2~0-1,S4~0-1))"
            ],
            "rsynapses": [
                "S2~0-1",
                "S4~0-1"
            ],
            "lastspike": 7,
            "occurs": 4,
            "refractory": 2,
            "level": 1
        },
        {
            "name": "CMP(CMP(S0~0-1,S1~0-1),CMP(S1~0-1,S2~0-1))",
            "potential": 0.14633828483072006,
            "fsynapses": [],
            "rsynapses": [
                "CMP(S0~0-1,S1~0-1)",
                "CMP(S1~0-1,S2~0-1)"
            ],
            "lastspike": 11,
            "occurs": 5,
            "refractory": 0,
            "level": 2
        },
        {
            "name": "S3~0-1",
            "potential": 0.5120000000000001,
            "fsynapses": [
                "CMP(CMP(S1~0-1,S2~0-1),S3~0-1)"
            ],
            "rsynapses": [],
            "lastspike": 41,
            "occurs": 7,
            "refractory": 4,
            "level": 0
        },
        {
            "name": "CMP(CMP(S2~0-1,S4~0-1),S2~0-1)",
            "potential": 0.24331878400000007,
            "fsynapses": [],
            "rsynapses": [
                "CMP(S2~0-1,S4~0-1)",
                "S2~0-1"
            ],
            "lastspike": 13,
            "occurs": 4,
            "refractory": 2,
            "level": 2
        },
        {
            "name": "CMP(CMP(S1~0-1,S2~0-1),CMP(S2~0-1,S4~0-1))",
            "potential": 0.15057770781900803,
            "fsynapses": [],
            "rsynapses": [
                "CMP(S1~0-1,S2~0-1)",
                "CMP(S2~0-1,S4~0-1)"
            ],
            "lastspike": 16,
            "occurs": 4,
            "refractory": 2,
            "level": 2
        },
        {
            "name": "CMP(CMP(S0~0-1,S1~0-1),S0~0-1)",
            "potential": 0.08282479881984414,
            "fsynapses": [],
            "rsynapses": [
                "CMP(S0~0-1,S1~0-1)",
                "S0~0-1"
            ],
            "lastspike": 22,
            "occurs": 3,
            "refractory": 0,
            "level": 2
        },
        {
            "name": "CMP(CMP(S1~0-1,S2~0-1),S2~0-1)",
            "potential": 0.06553600000000002,
            "fsynapses": [],
            "rsynapses": [
                "CMP(S1~0-1,S2~0-1)",
                "S2~0-1"
            ],
            "lastspike": 39,
            "occurs": 1,
            "refractory": 0,
            "level": 2
        },
        {
            "name": "CMP(CMP(S1~0-1,S2~0-1),S3~0-1)",
            "potential": 0.10240000000000003,
            "fsynapses": [],
            "rsynapses": [
                "CMP(S1~0-1,S2~0-1)",
                "S3~0-1"
            ],
            "lastspike": 41,
            "occurs": 1,
            "refractory": 0,
            "level": 2
        }
    ],
    "synapses": [
        {
            "fref": "CMP(S0~0-1,S1~0-1)",
            "rref": "S0~0-1",
            "wgt": 0.762301,
            "occurs": 3,
            "lastspike": 35
        },
        {
            "fref": "CMP(S0~0-1,S1~0-1)",
            "rref": "S1~0-1",
            "wgt": 0.762301,
            "occurs": 3,
            "lastspike": 37
        },
        {
            "fref": "CMP(S1~0-1,S2~0-1)",
            "rref": "S1~0-1",
            "wgt": 0.01,
            "occurs": 3,
            "lastspike": 37
        },
        {
            "fref": "CMP(S1~0-1,S2~0-1)",
            "rref": "S2~0-1",
            "wgt": 0.01,
            "occurs": 3,
            "lastspike": 38
        },
        {
            "fref": "CMP(S2~0-1,S4~0-1)",
            "rref": "S2~0-1",
            "wgt": 0.307,
            "occurs": 3,
            "lastspike": 38
        },
        {
            "fref": "CMP(S2~0-1,S4~0-1)",
            "rref": "S4~0-1",
            "wgt": 0.307,
            "occurs": 0,
            "lastspike": ""
        },
        {
            "fref": "CMP(CMP(S0~0-1,S1~0-1),CMP(S1~0-1,S2~0-1))",
            "rref": "CMP(S0~0-1,S1~0-1)",
            "wgt": 0.8835274900000001,
            "occurs": 3,
            "lastspike": 36
        },
        {
            "fref": "CMP(CMP(S0~0-1,S1~0-1),CMP(S1~0-1,S2~0-1))",
            "rref": "CMP(S1~0-1,S2~0-1)",
            "wgt": 0.8835274900000001,
            "occurs": 4,
            "lastspike": 38
        },
        {
            "fref": "CMP(CMP(S2~0-1,S4~0-1),S2~0-1)",
            "rref": "CMP(S2~0-1,S4~0-1)",
            "wgt": 0.5149,
            "occurs": 3,
            "lastspike": 39
        },
        {
            "fref": "CMP(CMP(S2~0-1,S4~0-1),S2~0-1)",
            "rref": "S2~0-1",
            "wgt": 0.5149,
            "occurs": 2,
            "lastspike": 38
        },
        {
            "fref": "CMP(CMP(S1~0-1,S2~0-1),CMP(S2~0-1,S4~0-1))",
            "rref": "CMP(S1~0-1,S2~0-1)",
            "wgt": 0.762301,
            "occurs": 3,
            "lastspike": 38
        },
        {
            "fref": "CMP(CMP(S1~0-1,S2~0-1),CMP(S2~0-1,S4~0-1))",
            "rref": "CMP(S2~0-1,S4~0-1)",
            "wgt": 0.762301,
            "occurs": 2,
            "lastspike": 39
        },
        {
            "fref": "CMP(CMP(S0~0-1,S1~0-1),S0~0-1)",
            "rref": "CMP(S0~0-1,S1~0-1)",
            "wgt": 0.307,
            "occurs": 2,
            "lastspike": 36
        },
        {
            "fref": "CMP(CMP(S0~0-1,S1~0-1),S0~0-1)",
            "rref": "S0~0-1",
            "wgt": 0.307,
            "occurs": 1,
            "lastspike": 35
        },
        {
            "fref": "CMP(CMP(S1~0-1,S2~0-1),S2~0-1)",
            "rref": "CMP(S1~0-1,S2~0-1)",
            "wgt": 0.01,
            "occurs": 0,
            "lastspike": ""
        },
        {
            "fref": "CMP(CMP(S1~0-1,S2~0-1),S2~0-1)",
            "rref": "S2~0-1",
            "wgt": 0.01,
            "occurs": 0,
            "lastspike": ""
        },
        {
            "fref": "CMP(CMP(S1~0-1,S2~0-1),S3~0-1)",
            "rref": "CMP(S1~0-1,S2~0-1)",
            "wgt": 0.01,
            "occurs": 0,
            "lastspike": ""
        },
        {
            "fref": "CMP(CMP(S1~0-1,S2~0-1),S3~0-1)",
            "rref": "S3~0-1",
            "wgt": 0.01,
            "occurs": 0,
            "lastspike": ""
        }
    ],
    "npruned": [],
    "spruned": [],
    "params": {
        "BindingCount": 2,
        "PropagationLevels": 2,
        "PruneInterval": 30,
        "PruningThreshold": 0.2,
        "BindingThreshold": 0.5,
        "DownPotentialFactor": 0.2,
        "FiringThreshold": 0.25,
        "ZeroingThreshold": 0.05,
        "DecayFactor": 0.8,
        "InitialPotential": 0.2,
        "ReinforcementRate": 0.3,
        "RefractoryPeriod": 7,
        "PostSpikeFactor": 1.0,
        "DefaultEncoderCeiling": 1024,
        "DefaultEncoderFloor": 0,
        "DefaultEncoderResolution": 2,
        "TraceLength": 60
    },
    "tick": 45
}