{
    "neurones": [
        {
            "name": "S0~0-1",
            "potential": 0.17470221844480005,
            "fsynapses": [
                "CMP(S0~0-1,S1~0-1)",
                "CMP(CMP(S1~0-1,S2~0-1),S0~0-1)",
                "CMP(CMP(S0~0-1,S1~0-1),S0~0-1)"
            ],
            "rsynapses": [],
            "lastspike": 22,
            "occurs": 7,
            "refractory": 1,
            "level": 0
        },
        {
            "name": "S1~0-1",
            "potential": 0.232232141824,
            "fsynapses": [
                "CMP(S0~0-1,S1~0-1)",
                "CMP(S1~0-1,S2~0-1)"
            ],
            "rsynapses": [],
            "lastspike": 24,
            "occurs": 7,
            "refractory": 3,
            "level": 0
        },
        {
            "name": "CMP(S0~0-1,S1~0-1)",
            "potential": 0.274343936,
            "fsynapses": [
                "CMP(CMP(S0~0-1,S1~0-1),CMP(S1~0-1,S2~0-1))",
                "CMP(CMP(CMP(S0~0-1,S1~0-1),CMP(S1~0-1,S2~0-1)),CMP(S0~0-1,S1~0-1))",
                "CMP(CMP(CMP(S1~0-1,S2~0-1),S0~0-1),CMP(S0~0-1,S1~0-1))",
                "CMP(CMP(S0~0-1,S1~0-1),S0~0-1)"
            ],
            "rsynapses": [
                "S0~0-1",
                "S1~0-1"
            ],
            "lastspike": 3,
            "occurs": 3,
            "refractory": 2,
            "level": 1
        },
        {
            "name": "S2~0-1",
            "potential": 0.3632202452768001,
            "fsynapses": [
                "CMP(S1~0-1,S2~0-1)",
                "CMP(S2~0-1,S4~0-1)",
                "CMP(S2~0-1,S3~0-1)",
                "CMP(CMP(S2~0-1,S4~0-1),S2~0-1)",
                "CMP(CMP(S2~0-1,S3~0-1),S2~0-1)"
            ],
            "rsynapses": [],
            "lastspike": 25,
            "occurs": 7,
            "refractory": 4,
            "level": 0
        },
        {
            "name": "S4~0-1",
            "potential": 0.0,
            "fsynapses": [
                "CMP(S2~0-1,S4~0-1)"
            ],
            "rsynapses": [],
            "lastspike": 6,
            "occurs": 3,
            "refractory": 0,
            "level": 0
        },
        {
            "name": "CMP(S1~0-1,S2~0-1)",
            "potential": 0.433408,
            "fsynapses": [
                "CMP(CMP(S0~0-1,S1~0-1),CMP(S1~0-1,S2~0-1))",
                "CMP(CMP(S1~0-1,S2~0-1),S0~0-1)",
                "CMP(CMP(S1~0-1,S2~0-1),CMP(S2~0-1,S4~0-1))"
            ],
            "rsynapses": [
                "S1~0-1",
                "S2~0-1"
            ],
            "lastspike": 6,
            "occurs": 3,
            "refractory": 4,
            "level": 1
        },
        {
            "name": "CMP(S2~0-1,S4~0-1)",
            "potential": 0.5310057934586001,
            "fsynapses": [
                "CMP(CMP(S1~0-1,S2~0-1),CMP(S2~0-1,S4~0-1))",
                "CMP(CMP(S2~0-1,S4~0-1),S2~0-1)",
                "CMP(CMP(S2~0-1,S4~0-1),S3~0-1)",
                "CMP(CMP(CMP(S1~0-1,S2~0-1),CMP(S2~0-1,S4~0-1)),CMP(S2~0-1,S4~0-1))",
                "CMP(CMP(S2~0-1,S3~0-1),CMP(S2~0-1,S4~0-1))"
            ],
            "rsynapses": [
                "S2~0-1",
                "S4~0-1"
            ],
            "lastspike": 7,
            "occurs": 3,
            "refractory": 5,
            "level": 1
        },
        {
            "name": "CMP(CMP(S0~0-1,S1~0-1),CMP(S1~0-1,S2~0-1))",
            "potential": 0.34292992,
            "fsynapses": [
                "CMP(CMP(CMP(S0~0-1,S1~0-1),CMP(S1~0-1,S2~0-1)),CMP(S0~0-1,S1~0-1))",
                "CMP(CMP(CMP(S0~0-1,S1~0-1),CMP(S1~0-1,S2~0-1)),CMP(CMP(S1~0-1,S2~0-1),CMP(S2~0-1,S4~0-1)))",
                "CMP(CMP(CMP(S0~0-1,S1~0-1),CMP(S1~0-1,S2~0-1)),CMP(CMP(S1~0-1,S2~0-1),S0~0-1))"
            ],
            "rsynapses": [
                "CMP(S0~0-1,S1~0-1)",
                "CMP(S1~0-1,S2~0-1)"
            ],
            "lastspike": 11,
            "occurs": 3,
            "refractory": 3,
            "level": 2
        },
        {
            "name": "CMP(CMP(CMP(S0~0-1,S1~0-1),CMP(S1~0-1,S2~0-1)),CMP(S0~0-1,S1~0-1))",
            "potential": 0.34672640000000005,
            "fsynapses": [],
            "rsynapses": [
                "CMP(CMP(S0~0-1,S1~0-1),CMP(S1~0-1,S2~0-1))",
                "CMP(S0~0-1,S1~0-1)"
            ],
            "lastspike": 12,
            "occurs": 3,
            "refractory": 3,
            "level": 3
        },
        {
            "name": "CMP(CMP(S1~0-1,S2~0-1),S0~0-1)",
            "potential": 0.34121527040000005,
            "fsynapses": [
                "CMP(CMP(CMP(S1~0-1,S2~0-1),S0~0-1),CMP(S0~0-1,S1~0-1))",
                "CMP(CMP(CMP(S0~0-1,S1~0-1),CMP(S1~0-1,S2~0-1)),CMP(CMP(S1~0-1,S2~0-1),S0~0-1))"
            ],
            "rsynapses": [
                "CMP(S1~0-1,S2~0-1)",
                "S0~0-1"
            ],
            "lastspike": 12,
            "occurs": 2,
            "refractory": 2,
            "level": 2
        },
        {
            "name": "S3~0-1",
            "potential": 0.8422675,
            "fsynapses": [
                "CMP(S2~0-1,S3~0-1)",
                "CMP(CMP(S2~0-1,S4~0-1),S3~0-1)"
            ],
            "rsynapses": [],
            "lastspike": 28,
            "occurs": 5,
            "refractory": 7,
            "level": 0
        },
        {
            "name": "CMP(CMP(S1~0-1,S2~0-1),CMP(S2~0-1,S4~0-1))",
            "potential": 0.6368,
            "fsynapses": [
                "CMP(CMP(CMP(S0~0-1,S1~0-1),CMP(S1~0-1,S2~0-1)),CMP(CMP(S1~0-1,S2~0-1),CMP(S2~0-1,S4~0-1)))",
                "CMP(CMP(CMP(S1~0-1,S2~0-1),CMP(S2~0-1,S4~0-1)),CMP(S2~0-1,S4~0-1))",
                "CMP(CMP(CMP(S1~0-1,S2~0-1),CMP(S2~0-1,S4~0-1)),CMP(CMP(S2~0-1,S4~0-1),S2~0-1))"
            ],
            "rsynapses": [
                "CMP(S1~0-1,S2~0-1)",
                "CMP(S2~0-1,S4~0-1)"
            ],
            "lastspike": 13,
            "occurs": 3,
            "refractory": 5,
            "level": 2
        },
        {
            "name": "CMP(S2~0-1,S3~0-1)",
            "potential": 0.995,
            "fsynapses": [
                "CMP(CMP(S2~0-1,S3~0-1),CMP(S2~0-1,S4~0-1))",
                "CMP(CMP(S2~0-1,S3~0-1),S2~0-1)"
            ],
            "rsynapses": [
                "S2~0-1",
                "S3~0-1"
            ],
            "lastspike": 13,
            "occurs": 2,
            "refractory": 5,
            "level": 1
        },
        {
            "name": "CMP(CMP(CMP(S0~0-1,S1~0-1),CMP(S1~0-1,S2~0-1)),CMP(CMP(S1~0-1,S2~0-1),CMP(S2~0-1,S4~0-1)))",
            "potential": 0.47523200000000004,
            "fsynapses": [],
            "rsynapses": [
                "CMP(CMP(S0~0-1,S1~0-1),CMP(S1~0-1,S2~0-1))",
                "CMP(CMP(S1~0-1,S2~0-1),CMP(S2~0-1,S4~0-1))"
            ],
            "lastspike": 14,
            "occurs": 3,
            "refractory": 4,
            "level": 3
        },
        {
            "name": "CMP(CMP(S2~0-1,S4~0-1),S2~0-1)",
            "potential": 0.6336160000000001,
            "fsynapses": [
                "CMP(CMP(CMP(S1~0-1,S2~0-1),CMP(S2~0-1,S4~0-1)),CMP(CMP(S2~0-1,S4~0-1),S2~0-1))"
            ],
            "rsynapses": [
                "CMP(S2~0-1,S4~0-1)",
                "S2~0-1"
            ],
            "lastspike": 14,
            "occurs": 2,
            "refractory": 5,
            "level": 2
        },
        {
            "name": "CMP(CMP(S2~0-1,S4~0-1),S3~0-1)",
            "potential": 0.8422675,
            "fsynapses": [
                "CMP(CMP(CMP(S2~0-1,S3~0-1),CMP(S2~0-1,S4~0-1)),CMP(CMP(S2~0-1,S4~0-1),S3~0-1))"
            ],
            "rsynapses": [
                "CMP(S2~0-1,S4~0-1)",
                "S3~0-1"
            ],
            "lastspike": 15,
            "occurs": 2,
            "refractory": 6,
            "level": 2
        },
        {
            "name": "CMP(CMP(CMP(S1~0-1,S2~0-1),CMP(S2~0-1,S4~0-1)),CMP(S2~0-1,S4~0-1))",
            "potential": 0.8,
            "fsynapses": [],
            "rsynapses": [
                "CMP(CMP(S1~0-1,S2~0-1),CMP(S2~0-1,S4~0-1))",
                "CMP(S2~0-1,S4~0-1)"
            ],
            "lastspike": 17,
            "occurs": 2,
            "refractory": 6,
            "level": 3
        },
        {
            "name": "CMP(CMP(CMP(S1~0-1,S2~0-1),S0~0-1),CMP(S0~0-1,S1~0-1))",
            "potential": 0.40960000000000013,
            "fsynapses": [],
            "rsynapses": [
                "CMP(CMP(S1~0-1,S2~0-1),S0~0-1)",
                "CMP(S0~0-1,S1~0-1)"
            ],
            "lastspike": 22,
            "occurs": 2,
            "refractory": 3,
            "level": 3
        },
        {
            "name": "CMP(CMP(CMP(S0~0-1,S1~0-1),CMP(S1~0-1,S2~0-1)),CMP(CMP(S1~0-1,S2~0-1),S0~0-1))",
            "potential": 0.5120000000000001,
            "fsynapses": [],
            "rsynapses": [
                "CMP(CMP(S0~0-1,S1~0-1),CMP(S1~0-1,S2~0-1))",
                "CMP(CMP(S1~0-1,S2~0-1),S0~0-1)"
            ],
            "lastspike": 23,
            "occurs": 2,
            "refractory": 4,
            "level": 3
        },
        {
            "name": "CMP(CMP(S0~0-1,S1~0-1),S0~0-1)",
            "potential": 0.06553600000000002,
            "fsynapses": [],
            "rsynapses": [
                "CMP(S0~0-1,S1~0-1)",
                "S0~0-1"
            ],
            "lastspike": 23,
            "occurs": 1,
            "refractory": 0,
            "level": 2
        },
        {
            "name": "CMP(CMP(CMP(S1~0-1,S2~0-1),CMP(S2~0-1,S4~0-1)),CMP(CMP(S2~0-1,S4~0-1),S2~0-1))",
            "potential": 0.8,
            "fsynapses": [],
            "rsynapses": [
                "CMP(CMP(S1~0-1,S2~0-1),CMP(S2~0-1,S4~0-1))",
                "CMP(CMP(S2~0-1,S4~0-1),S2~0-1)"
            ],
            "lastspike": 25,
            "occurs": 2,
            "refractory": 6,
            "level": 3
        },
        {
            "name": "CMP(CMP(S2~0-1,S3~0-1),CMP(S2~0-1,S4~0-1))",
            "potential": 0.796,
            "fsynapses": [
                "CMP(CMP(CMP(S2~0-1,S3~0-1),CMP(S2~0-1,S4~0-1)),CMP(CMP(S2~0-1,S4~0-1),S3~0-1))"
            ],
            "rsynapses": [
                "CMP(S2~0-1,S3~0-1)",
                "CMP(S2~0-1,S4~0-1)"
            ],
            "lastspike": 25,
            "occurs": 2,
            "refractory": 6,
            "level": 2
        },
        {
            "name": "CMP(CMP(CMP(S2~0-1,S3~0-1),CMP(S2~0-1,S4~0-1)),CMP(CMP(S2~0-1,S4~0-1),S3~0-1))",
            "potential": 1.0,
            "fsynapses": [],
            "rsynapses": [
                "CMP(CMP(S2~0-1,S3~0-1),CMP(S2~0-1,S4~0-1))",
                "CMP(CMP(S2~0-1,S4~0-1),S3~0-1)"
            ],
            "lastspike": 26,
            "occurs": 2,
            "refractory": 7,
            "level": 3
        },
        {
            "name": "CMP(CMP(S2~0-1,S3~0-1),S2~0-1)",
            "potential": 0.12800000000000003,
            "fsynapses": [],
            "rsynapses": [
                "CMP(S2~0-1,S3~0-1)",
                "S2~0-1"
            ],
            "lastspike": 26,
            "occurs": 1,
            "refractory": 0,
            "level": 2
        }
    ],
    "synapses": [
        {
            "fref": "CMP(S0~0-1,S1~0-1)",
            "rref": "S0~0-1",
            "wgt": 0.6604300000000001,
            "occurs": 2,
            "lastspike": 22
        },
        {
            "fref": "CMP(S0~0-1,S1~0-1)",
            "rref": "S1~0-1",
            "wgt": 0.6604300000000001,
            "occurs": 2,
            "lastspike": 24
        },
        {
            "fref": "CMP(S1~0-1,S2~0-1)",
            "rref": "S1~0-1",
            "wgt": 0.307,
            "occurs": 2,
            "lastspike": 24
        },
        {
            "fref": "CMP(S1~0-1,S2~0-1)",
            "rref": "S2~0-1",
            "wgt": 0.307,
            "occurs": 2,
            "lastspike": 25
        },
        {
            "fref": "CMP(S2~0-1,S4~0-1)",
            "rref": "S2~0-1",
            "wgt": 0.307,
            "occurs": 2,
            "lastspike": 25
        },
        {
            "fref": "CMP(S2~0-1,S4~0-1)",
            "rref": "S4~0-1",
            "wgt": 0.307,
            "occurs": 0,
            "lastspike": ""
        },
        {
            "fref": "CMP(CMP(S0~0-1,S1~0-1),CMP(S1~0-1,S2~0-1))",
            "rref": "CMP(S0~0-1,S1~0-1)",
            "wgt": 0.762301,
            "occurs": 2,
            "lastspike": 23
        },
        {
            "fref": "CMP(CMP(S0~0-1,S1~0-1),CMP(S1~0-1,S2~0-1))",
            "rref": "CMP(S1~0-1,S2~0-1)",
            "wgt": 0.762301,
            "occurs": 2,
            "lastspike": 25
        },
        {
            "fref": "CMP(CMP(CMP(S0~0-1,S1~0-1),CMP(S1~0-1,S2~0-1)),CMP(S0~0-1,S1~0-1))",
            "rref": "CMP(CMP(S0~0-1,S1~0-1),CMP(S1~0-1,S2~0-1))",
            "wgt": 0.307,
            "occurs": 2,
            "lastspike": 24
        },
        {
            "fref": "CMP(CMP(CMP(S0~0-1,S1~0-1),CMP(S1~0-1,S2~0-1)),CMP(S0~0-1,S1~0-1))",
            "rref": "CMP(S0~0-1,S1~0-1)",
            "wgt": 0.307,
            "occurs": 1,
            "lastspike": 23
        },
        {
            "fref": "CMP(CMP(S1~0-1,S2~0-1),S0~0-1)",
            "rref": "CMP(S1~0-1,S2~0-1)",
            "wgt": 0.01,
            "occurs": 1,
            "lastspike": 25
        },
        {
            "fref": "CMP(CMP(S1~0-1,S2~0-1),S0~0-1)",
            "rref": "S0~0-1",
            "wgt": 0.01,
            "occurs": 1,
            "lastspike": 22
        },
        {
            "fref": "CMP(CMP(S1~0-1,S2~0-1),CMP(S2~0-1,S4~0-1))",
            "rref": "CMP(S1~0-1,S2~0-1)",
            "wgt": 0.5149,
            "occurs": 1,
            "lastspike": 25
        },
        {
            "fref": "CMP(CMP(S1~0-1,S2~0-1),CMP(S2~0-1,S4~0-1))",
            "rref": "CMP(S2~0-1,S4~0-1)",
            "wgt": 0.5149,
            "occurs": 2,
            "lastspike": 26
        },
        {
            "fref": "CMP(S2~0-1,S3~0-1)",
            "rref": "S2~0-1",
            "wgt": 0.01,
            "occurs": 1,
            "lastspike": 25
        },
        {
            "fref": "CMP(S2~0-1,S3~0-1)",
            "rref": "S3~0-1",
            "wgt": 0.01,
            "occurs": 1,
            "lastspike": 28
        },
        {
            "fref": "CMP(CMP(CMP(S0~0-1,S1~0-1),CMP(S1~0-1,S2~0-1)),CMP(CMP(S1~0-1,S2~0-1),CMP(S2~0-1,S4~0-1)))",
            "rref": "CMP(CMP(S0~0-1,S1~0-1),CMP(S1~0-1,S2~0-1))",
            "wgt": 0.5149,
            "occurs": 1,
            "lastspike": 24
        },
        {
            "fref": "CMP(CMP(CMP(S0~0-1,S1~0-1),CMP(S1~0-1,S2~0-1)),CMP(CMP(S1~0-1,S2~0-1),CMP(S2~0-1,S4~0-1)))",
            "rref": "CMP(CMP(S1~0-1,S2~0-1),CMP(S2~0-1,S4~0-1))",
            "wgt": 0.5149,
            "occurs": 2,
            "lastspike": 26
        },
        {
            "fref": "CMP(CMP(S2~0-1,S4~0-1),S2~0-1)",
            "rref": "CMP(S2~0-1,S4~0-1)",
            "wgt": 0.01,
            "occurs": 1,
            "lastspike": 26
        },
        {
            "fref": "CMP(CMP(S2~0-1,S4~0-1),S2~0-1)",
            "rref": "S2~0-1",
            "wgt": 0.01,
            "occurs": 1,
            "lastspike": 25
        },
        {
            "fref": "CMP(CMP(S2~0-1,S4~0-1),S3~0-1)",
            "rref": "CMP(S2~0-1,S4~0-1)",
            "wgt": 0.307,
            "occurs": 1,
            "lastspike": 26
        },
        {
            "fref": "CMP(CMP(S2~0-1,S4~0-1),S3~0-1)",
            "rref": "S3~0-1",
            "wgt": 0.307,
            "occurs": 1,
            "lastspike": 28
        },
        {
            "fref": "CMP(CMP(CMP(S1~0-1,S2~0-1),CMP(S2~0-1,S4~0-1)),CMP(S2~0-1,S4~0-1))",
            "rref": "CMP(CMP(S1~0-1,S2~0-1),CMP(S2~0-1,S4~0-1))",
            "wgt": 0.01,
            "occurs": 1,
            "lastspike": 26
        },
        {
            "fref": "CMP(CMP(CMP(S1~0-1,S2~0-1),CMP(S2~0-1,S4~0-1)),CMP(S2~0-1,S4~0-1))",
            "rref": "CMP(S2~0-1,S4~0-1)",
            "wgt": 0.01,
            "occurs": 1,
            "lastspike": 26
        },
        {
            "fref": "CMP(CMP(CMP(S1~0-1,S2~0-1),S0~0-1),CMP(S0~0-1,S1~0-1))",
            "rref": "CMP(CMP(S1~0-1,S2~0-1),S0~0-1)",
            "wgt": 0.01,
            "occurs": 1,
            "lastspike": 23
        },
        {
            "fref": "CMP(CMP(CMP(S1~0-1,S2~0-1),S0~0-1),CMP(S0~0-1,S1~0-1))",
            "rref": "CMP(S0~0-1,S1~0-1)",
            "wgt": 0.01,
            "occurs": 1,
            "lastspike": 23
        },
        {
            "fref": "CMP(CMP(CMP(S0~0-1,S1~0-1),CMP(S1~0-1,S2~0-1)),CMP(CMP(S1~0-1,S2~0-1),S0~0-1))",
            "rref": "CMP(CMP(S0~0-1,S1~0-1),CMP(S1~0-1,S2~0-1))",
            "wgt": 0.6604300000000001,
            "occurs": 1,
            "lastspike": 24
        },
        {
            "fref": "CMP(CMP(CMP(S0~0-1,S1~0-1),CMP(S1~0-1,S2~0-1)),CMP(CMP(S1~0-1,S2~0-1),S0~0-1))",
            "rref": "CMP(CMP(S1~0-1,S2~0-1),S0~0-1)",
            "wgt": 0.6604300000000001,
            "occurs": 0,
            "lastspike": ""
        },
        {
            "fref": "CMP(CMP(S0~0-1,S1~0-1),S0~0-1)",
            "rref": "CMP(S0~0-1,S1~0-1)",
            "wgt": 0.01,
            "occurs": 0,
            "lastspike": ""
        },
        {
            "fref": "CMP(CMP(S0~0-1,S1~0-1),S0~0-1)",
            "rref": "S0~0-1",
            "wgt": 0.01,
            "occurs": 0,
            "lastspike": ""
        },
        {
            "fref": "CMP(CMP(CMP(S1~0-1,S2~0-1),CMP(S2~0-1,S4~0-1)),CMP(CMP(S2~0-1,S4~0-1),S2~0-1))",
            "rref": "CMP(CMP(S1~0-1,S2~0-1),CMP(S2~0-1,S4~0-1))",
            "wgt": 0.6604300000000001,
            "occurs": 1,
            "lastspike": 26
        },
        {
            "fref": "CMP(CMP(CMP(S1~0-1,S2~0-1),CMP(S2~0-1,S4~0-1)),CMP(CMP(S2~0-1,S4~0-1),S2~0-1))",
            "rref": "CMP(CMP(S2~0-1,S4~0-1),S2~0-1)",
            "wgt": 0.6604300000000001,
            "occurs": 1,
            "lastspike": 26
        },
        {
            "fref": "CMP(CMP(S2~0-1,S3~0-1),CMP(S2~0-1,S4~0-1))",
            "rref": "CMP(S2~0-1,S3~0-1)",
            "wgt": 0.307,
            "occurs": 1,
            "lastspike": 26
        },
        {
            "fref": "CMP(CMP(S2~0-1,S3~0-1),CMP(S2~0-1,S4~0-1))",
            "rref": "CMP(S2~0-1,S4~0-1)",
            "wgt": 0.307,
            "occurs": 1,
            "lastspike": 26
        },
        {
            "fref": "CMP(CMP(CMP(S2~0-1,S3~0-1),CMP(S2~0-1,S4~0-1)),CMP(CMP(S2~0-1,S4~0-1),S3~0-1))",
            "rref": "CMP(CMP(S2~0-1,S3~0-1),CMP(S2~0-1,S4~0-1))",
            "wgt": 0.5149,
            "occurs": 1,
            "lastspike": 27
        },
        {
            "fref": "CMP(CMP(CMP(S2~0-1,S3~0-1),CMP(S2~0-1,S4~0-1)),CMP(CMP(S2~0-1,S4~0-1),S3~0-1))",
            "rref": "CMP(CMP(S2~0-1,S4~0-1),S3~0-1)",
            "wgt": 0.5149,
            "occurs": 1,
            "lastspike": 27
        },
        {
            "fref": "CMP(CMP(S2~0-1,S3~0-1),S2~0-1)",
            "rref": "CMP(S2~0-1,S3~0-1)",
            "wgt": 0.01,
            "occurs": 0,
            "lastspike": ""
        },
        {
            "fref": "CMP(CMP(S2~0-1,S3~0-1),S2~0-1)",
            "rref": "S2~0-1",
            "wgt": 0.01,
            "occurs": 0,
            "lastspike": ""
        }
    ],
    "npruned": [],
    "spruned": [],
    "params": {
        "BindingCount": 2,
        "PropagationLevels": 3,
        "PruneInterval": 30,
        "PruningThreshold": 0.2,
        "BindingThreshold": 0.5,
        "DownPotentialFactor": 0.2,
        "FiringThreshold": 0.25,
        "ZeroingThreshold": 0.05,
        "DecayFactor": 0.8,
        "InitialPotential": 0.2,
        "ReinforcementRate": 0.3,
        "RefractoryPeriod": 7,
        "PostSpikeFactor": 1.0,
        "DefaultEncoderCeiling": 1024,
        "DefaultEncoderFloor": 0,
        "DefaultEncoderResolution": 10,
        "TraceLength": 60
    },
    "tick": 29
}