{
    "neurones": [
        {
            "name": "S0~0-1",
            "potential": 0.09966337392640004,
            "fsynapses": [
                "CMP(S0~0-1,S1~0-1)",
                "CMP(CMP(S1~0-1,S2~0-1),S0~0-1)"
            ],
            "rsynapses": [],
            "lastspike": 11,
            "occurs": 5,
            "refractory": 0,
            "level": 0
        },
        {
            "name": "S1~0-1",
            "potential": 0.09916505705676806,
            "fsynapses": [
                "CMP(S0~0-1,S1~0-1)",
                "CMP(S1~0-1,S2~0-1)"
            ],
            "rsynapses": [],
            "lastspike": 10,
            "occurs": 5,
            "refractory": 0,
            "level": 0
        },
        {
            "name": "CMP(S0~0-1,S1~0-1)",
            "potential": 0.16693329920000005,
            "fsynapses": [
                "CMP(CMP(S0~0-1,S1~0-1),CMP(S1~0-1,S2~0-1))",
                "CMP(CMP(CMP(S0~0-1,S1~0-1),CMP(S1~0-1,S2~0-1)),CMP(S0~0-1,S1~0-1))",
                "CMP(CMP(CMP(S2~0-1,S4~0-1),S2~0-1),CMP(S0~0-1,S1~0-1))"
            ],
            "rsynapses": [
                "S0~0-1",
                "S1~0-1"
            ],
            "lastspike": 3,
            "occurs": 2,
            "refractory": 0,
            "level": 1
        },
        {
            "name": "S2~0-1",
            "potential": 0.15027399557120005,
            "fsynapses": [
                "CMP(S1~0-1,S2~0-1)",
                "CMP(S2~0-1,S4~0-1)",
                "CMP(CMP(S2~0-1,S4~0-1),S2~0-1)",
                "CMP(S2~0-1,S3~0-1)"
            ],
            "rsynapses": [],
            "lastspike": 12,
            "occurs": 5,
            "refractory": 0,
            "level": 0
        },
        {
            "name": "S4~0-1",
            "potential": 0.043980465111040035,
            "fsynapses": [
                "CMP(S2~0-1,S4~0-1)"
            ],
            "rsynapses": [],
            "lastspike": 6,
            "occurs": 3,
            "refractory": 0,
            "level": 0
        },
        {
            "name": "CMP(S1~0-1,S2~0-1)",
            "potential": 0.17752391680000004,
            "fsynapses": [
                "CMP(CMP(S0~0-1,S1~0-1),CMP(S1~0-1,S2~0-1))",
                "CMP(CMP(S1~0-1,S2~0-1),S0~0-1)",
                "CMP(CMP(S1~0-1,S2~0-1),CMP(S2~0-1,S4~0-1))"
            ],
            "rsynapses": [
                "S1~0-1",
                "S2~0-1"
            ],
            "lastspike": 6,
            "occurs": 2,
            "refractory": 0,
            "level": 1
        },
        {
            "name": "CMP(S2~0-1,S4~0-1)",
            "potential": 0.26083328000000006,
            "fsynapses": [
                "CMP(CMP(S2~0-1,S4~0-1),S2~0-1)",
                "CMP(CMP(S1~0-1,S2~0-1),CMP(S2~0-1,S4~0-1))",
                "CMP(CMP(S2~0-1,S4~0-1),S3~0-1)",
                "CMP(CMP(CMP(S2~0-1,S4~0-1),S2~0-1),CMP(S2~0-1,S4~0-1))"
            ],
            "rsynapses": [
                "S2~0-1",
                "S4~0-1"
            ],
            "lastspike": 7,
            "occurs": 2,
            "refractory": 1,
            "level": 1
        },
        {
            "name": "CMP(CMP(S0~0-1,S1~0-1),CMP(S1~0-1,S2~0-1))",
            "potential": 0.20866662400000005,
            "fsynapses": [
                "CMP(CMP(CMP(S0~0-1,S1~0-1),CMP(S1~0-1,S2~0-1)),CMP(S0~0-1,S1~0-1))",
                "CMP(CMP(CMP(CMP(S0~0-1,S1~0-1),CMP(S1~0-1,S2~0-1)),CMP(S0~0-1,S1~0-1)),CMP(CMP(S0~0-1,S1~0-1),CMP(S1~0-1,S2~0-1)))",
                "CMP(CMP(CMP(S0~0-1,S1~0-1),CMP(S1~0-1,S2~0-1)),CMP(CMP(S2~0-1,S4~0-1),S2~0-1))"
            ],
            "rsynapses": [
                "CMP(S0~0-1,S1~0-1)",
                "CMP(S1~0-1,S2~0-1)"
            ],
            "lastspike": 11,
            "occurs": 2,
            "refractory": 0,
            "level": 2
        },
        {
            "name": "CMP(CMP(CMP(S0~0-1,S1~0-1),CMP(S1~0-1,S2~0-1)),CMP(S0~0-1,S1~0-1))",
            "potential": 0.26083328000000006,
            "fsynapses": [
                "CMP(CMP(CMP(CMP(S0~0-1,S1~0-1),CMP(S1~0-1,S2~0-1)),CMP(S0~0-1,S1~0-1)),CMP(CMP(S0~0-1,S1~0-1),CMP(S1~0-1,S2~0-1)))",
                "CMP(CMP(CMP(CMP(S0~0-1,S1~0-1),CMP(S1~0-1,S2~0-1)),CMP(S0~0-1,S1~0-1)),CMP(CMP(CMP(S2~0-1,S4~0-1),S2~0-1),CMP(S0~0-1,S1~0-1)))"
            ],
            "rsynapses": [
                "CMP(CMP(S0~0-1,S1~0-1),CMP(S1~0-1,S2~0-1))",
                "CMP(S0~0-1,S1~0-1)"
            ],
            "lastspike": 12,
            "occurs": 2,
            "refractory": 1,
            "level": 3
        },
        {
            "name": "CMP(CMP(S1~0-1,S2~0-1),S0~0-1)",
            "potential": 0.0,
            "fsynapses": [],
            "rsynapses": [
                "CMP(S1~0-1,S2~0-1)",
                "S0~0-1"
            ],
            "lastspike": 12,
            "occurs": 1,
            "refractory": 0,
            "level": 2
        },
        {
            "name": "S3~0-1",
            "potential": 0.2097152000000001,
            "fsynapses": [
                "CMP(S2~0-1,S3~0-1)",
                "CMP(CMP(S2~0-1,S4~0-1),S3~0-1)"
            ],
            "rsynapses": [],
            "lastspike": 13,
            "occurs": 3,
            "refractory": 0,
            "level": 0
        },
        {
            "name": "CMP(CMP(CMP(CMP(S0~0-1,S1~0-1),CMP(S1~0-1,S2~0-1)),CMP(S0~0-1,S1~0-1)),CMP(CMP(S0~0-1,S1~0-1),CMP(S1~0-1,S2~0-1)))",
            "potential": 0.32768000000000014,
            "fsynapses": [],
            "rsynapses": [
                "CMP(CMP(CMP(S0~0-1,S1~0-1),CMP(S1~0-1,S2~0-1)),CMP(S0~0-1,S1~0-1))",
                "CMP(CMP(S0~0-1,S1~0-1),CMP(S1~0-1,S2~0-1))"
            ],
            "lastspike": 13,
            "occurs": 2,
            "refractory": 2,
            "level": 4
        },
        {
            "name": "CMP(CMP(S2~0-1,S4~0-1),S2~0-1)",
            "potential": 0.32604160000000004,
            "fsynapses": [
                "CMP(CMP(CMP(S2~0-1,S4~0-1),S2~0-1),CMP(S0~0-1,S1~0-1))",
                "CMP(CMP(CMP(S0~0-1,S1~0-1),CMP(S1~0-1,S2~0-1)),CMP(CMP(S2~0-1,S4~0-1),S2~0-1))",
                "CMP(CMP(CMP(S2~0-1,S4~0-1),S2~0-1),CMP(S2~0-1,S4~0-1))",
                "CMP(CMP(CMP(CMP(S2~0-1,S4~0-1),S2~0-1),CMP(S0~0-1,S1~0-1)),CMP(CMP(S2~0-1,S4~0-1),S2~0-1))"
            ],
            "rsynapses": [
                "CMP(S2~0-1,S4~0-1)",
                "S2~0-1"
            ],
            "lastspike": 13,
            "occurs": 2,
            "refractory": 2,
            "level": 2
        },
        {
            "name": "CMP(CMP(CMP(S2~0-1,S4~0-1),S2~0-1),CMP(S0~0-1,S1~0-1))",
            "potential": 0.407552,
            "fsynapses": [
                "CMP(CMP(CMP(CMP(S0~0-1,S1~0-1),CMP(S1~0-1,S2~0-1)),CMP(S0~0-1,S1~0-1)),CMP(CMP(CMP(S2~0-1,S4~0-1),S2~0-1),CMP(S0~0-1,S1~0-1)))",
                "CMP(CMP(CMP(CMP(S2~0-1,S4~0-1),S2~0-1),CMP(S0~0-1,S1~0-1)),CMP(CMP(S2~0-1,S4~0-1),S2~0-1))"
            ],
            "rsynapses": [
                "CMP(CMP(S2~0-1,S4~0-1),S2~0-1)",
                "CMP(S0~0-1,S1~0-1)"
            ],
            "lastspike": 14,
            "occurs": 2,
            "refractory": 3,
            "level": 3
        },
        {
            "name": "CMP(CMP(S1~0-1,S2~0-1),CMP(S2~0-1,S4~0-1))",
            "potential": 0.052428800000000025,
            "fsynapses": [],
            "rsynapses": [
                "CMP(S1~0-1,S2~0-1)",
                "CMP(S2~0-1,S4~0-1)"
            ],
            "lastspike": 14,
            "occurs": 1,
            "refractory": 0,
            "level": 2
        },
        {
            "name": "CMP(S2~0-1,S3~0-1)",
            "potential": 0.052428800000000025,
            "fsynapses": [],
            "rsynapses": [
                "S2~0-1",
                "S3~0-1"
            ],
            "lastspike": 14,
            "occurs": 1,
            "refractory": 0,
            "level": 1
        },
        {
            "name": "CMP(CMP(CMP(CMP(S0~0-1,S1~0-1),CMP(S1~0-1,S2~0-1)),CMP(S0~0-1,S1~0-1)),CMP(CMP(CMP(S2~0-1,S4~0-1),S2~0-1),CMP(S0~0-1,S1~0-1)))",
            "potential": 0.5120000000000001,
            "fsynapses": [],
            "rsynapses": [
                "CMP(CMP(CMP(S0~0-1,S1~0-1),CMP(S1~0-1,S2~0-1)),CMP(S0~0-1,S1~0-1))",
                "CMP(CMP(CMP(S2~0-1,S4~0-1),S2~0-1),CMP(S0~0-1,S1~0-1))"
            ],
            "lastspike": 15,
            "occurs": 2,
            "refractory": 4,
            "level": 4
        },
        {
            "name": "CMP(CMP(CMP(S0~0-1,S1~0-1),CMP(S1~0-1,S2~0-1)),CMP(CMP(S2~0-1,S4~0-1),S2~0-1))",
            "potential": 0.06553600000000002,
            "fsynapses": [],
            "rsynapses": [
                "CMP(CMP(S0~0-1,S1~0-1),CMP(S1~0-1,S2~0-1))",
                "CMP(CMP(S2~0-1,S4~0-1),S2~0-1)"
            ],
            "lastspike": 15,
            "occurs": 1,
            "refractory": 0,
            "level": 3
        },
        {
            "name": "CMP(CMP(S2~0-1,S4~0-1),S3~0-1)",
            "potential": 0.06553600000000002,
            "fsynapses": [],
            "rsynapses": [
                "CMP(S2~0-1,S4~0-1)",
                "S3~0-1"
            ],
            "lastspike": 15,
            "occurs": 1,
            "refractory": 0,
            "level": 2
        },
        {
            "name": "CMP(CMP(CMP(S2~0-1,S4~0-1),S2~0-1),CMP(S2~0-1,S4~0-1))",
            "potential": 0.10240000000000003,
            "fsynapses": [],
            "rsynapses": [
                "CMP(CMP(S2~0-1,S4~0-1),S2~0-1)",
                "CMP(S2~0-1,S4~0-1)"
            ],
            "lastspike": 17,
            "occurs": 1,
            "refractory": 0,
            "level": 3
        },
        {
            "name": "CMP(CMP(CMP(CMP(S2~0-1,S4~0-1),S2~0-1),CMP(S0~0-1,S1~0-1)),CMP(CMP(S2~0-1,S4~0-1),S2~0-1))",
            "potential": 0.12800000000000003,
            "fsynapses": [],
            "rsynapses": [
                "CMP(CMP(CMP(S2~0-1,S4~0-1),S2~0-1),CMP(S0~0-1,S1~0-1))",
                "CMP(CMP(S2~0-1,S4~0-1),S2~0-1)"
            ],
            "lastspike": 18,
            "occurs": 1,
            "refractory": 0,
            "level": 4
        }
    ],
    "synapses": [
        {
            "fref": "CMP(S0~0-1,S1~0-1)",
            "rref": "S0~0-1",
            "wgt": 0.6604300000000001,
            "occurs": 1,
            "lastspike": 11
        },
        {
            "fref": "CMP(S0~0-1,S1~0-1)",
            "rref": "S1~0-1",
            "wgt": 0.6604300000000001,
            "occurs": 1,
            "lastspike": 11
        },
        {
            "fref": "CMP(S1~0-1,S2~0-1)",
            "rref": "S1~0-1",
            "wgt": 0.307,
            "occurs": 1,
            "lastspike": 11
        },
        {
            "fref": "CMP(S1~0-1,S2~0-1)",
            "rref": "S2~0-1",
            "wgt": 0.307,
            "occurs": 1,
            "lastspike": 13
        },
        {
            "fref": "CMP(S2~0-1,S4~0-1)",
            "rref": "S2~0-1",
            "wgt": 0.307,
            "occurs": 1,
            "lastspike": 13
        },
        {
            "fref": "CMP(S2~0-1,S4~0-1)",
            "rref": "S4~0-1",
            "wgt": 0.307,
            "occurs": 0,
            "lastspike": ""
        },
        {
            "fref": "CMP(CMP(S0~0-1,S1~0-1),CMP(S1~0-1,S2~0-1))",
            "rref": "CMP(S0~0-1,S1~0-1)",
            "wgt": 0.5149,
            "occurs": 1,
            "lastspike": 12
        },
        {
            "fref": "CMP(CMP(S0~0-1,S1~0-1),CMP(S1~0-1,S2~0-1))",
            "rref": "CMP(S1~0-1,S2~0-1)",
            "wgt": 0.5149,
            "occurs": 1,
            "lastspike": 12
        },
        {
            "fref": "CMP(CMP(CMP(S0~0-1,S1~0-1),CMP(S1~0-1,S2~0-1)),CMP(S0~0-1,S1~0-1))",
            "rref": "CMP(CMP(S0~0-1,S1~0-1),CMP(S1~0-1,S2~0-1))",
            "wgt": 0.01,
            "occurs": 1,
            "lastspike": 13
        },
        {
            "fref": "CMP(CMP(CMP(S0~0-1,S1~0-1),CMP(S1~0-1,S2~0-1)),CMP(S0~0-1,S1~0-1))",
            "rref": "CMP(S0~0-1,S1~0-1)",
            "wgt": 0.01,
            "occurs": 0,
            "lastspike": ""
        },
        {
            "fref": "CMP(CMP(S1~0-1,S2~0-1),S0~0-1)",
            "rref": "CMP(S1~0-1,S2~0-1)",
            "wgt": 0.01,
            "occurs": 0,
            "lastspike": ""
        },
        {
            "fref": "CMP(CMP(S1~0-1,S2~0-1),S0~0-1)",
            "rref": "S0~0-1",
            "wgt": 0.01,
            "occurs": 0,
            "lastspike": ""
        },
        {
            "fref": "CMP(CMP(CMP(CMP(S0~0-1,S1~0-1),CMP(S1~0-1,S2~0-1)),CMP(S0~0-1,S1~0-1)),CMP(CMP(S0~0-1,S1~0-1),CMP(S1~0-1,S2~0-1)))",
            "rref": "CMP(CMP(CMP(S0~0-1,S1~0-1),CMP(S1~0-1,S2~0-1)),CMP(S0~0-1,S1~0-1))",
            "wgt": 0.307,
            "occurs": 1,
            "lastspike": 14
        },
        {
            "fref": "CMP(CMP(CMP(CMP(S0~0-1,S1~0-1),CMP(S1~0-1,S2~0-1)),CMP(S0~0-1,S1~0-1)),CMP(CMP(S0~0-1,S1~0-1),CMP(S1~0-1,S2~0-1)))",
            "rref": "CMP(CMP(S0~0-1,S1~0-1),CMP(S1~0-1,S2~0-1))",
            "wgt": 0.307,
            "occurs": 0,
            "lastspike": ""
        },
        {
            "fref": "CMP(CMP(S2~0-1,S4~0-1),S2~0-1)",
            "rref": "CMP(S2~0-1,S4~0-1)",
            "wgt": 0.01,
            "occurs": 1,
            "lastspike": 14
        },
        {
            "fref": "CMP(CMP(S2~0-1,S4~0-1),S2~0-1)",
            "rref": "S2~0-1",
            "wgt": 0.01,
            "occurs": 0,
            "lastspike": ""
        },
        {
            "fref": "CMP(CMP(CMP(S2~0-1,S4~0-1),S2~0-1),CMP(S0~0-1,S1~0-1))",
            "rref": "CMP(CMP(S2~0-1,S4~0-1),S2~0-1)",
            "wgt": 0.01,
            "occurs": 1,
            "lastspike": 15
        },
        {
            "fref": "CMP(CMP(CMP(S2~0-1,S4~0-1),S2~0-1),CMP(S0~0-1,S1~0-1))",
            "rref": "CMP(S0~0-1,S1~0-1)",
            "wgt": 0.01,
            "occurs": 0,
            "lastspike": ""
        },
        {
            "fref": "CMP(CMP(S1~0-1,S2~0-1),CMP(S2~0-1,S4~0-1))",
            "rref": "CMP(S1~0-1,S2~0-1)",
            "wgt": 0.01,
            "occurs": 0,
            "lastspike": ""
        },
        {
            "fref": "CMP(CMP(S1~0-1,S2~0-1),CMP(S2~0-1,S4~0-1))",
            "rref": "CMP(S2~0-1,S4~0-1)",
            "wgt": 0.01,
            "occurs": 0,
            "lastspike": ""
        },
        {
            "fref": "CMP(S2~0-1,S3~0-1)",
            "rref": "S2~0-1",
            "wgt": 0.01,
            "occurs": 0,
            "lastspike": ""
        },
        {
            "fref": "CMP(S2~0-1,S3~0-1)",
            "rref": "S3~0-1",
            "wgt": 0.01,
            "occurs": 0,
            "lastspike": ""
        },
        {
            "fref": "CMP(CMP(CMP(CMP(S0~0-1,S1~0-1),CMP(S1~0-1,S2~0-1)),CMP(S0~0-1,S1~0-1)),CMP(CMP(CMP(S2~0-1,S4~0-1),S2~0-1),CMP(S0~0-1,S1~0-1)))",
            "rref": "CMP(CMP(CMP(S0~0-1,S1~0-1),CMP(S1~0-1,S2~0-1)),CMP(S0~0-1,S1~0-1))",
            "wgt": 0.5149,
            "occurs": 0,
            "lastspike": ""
        },
        {
            "fref": "CMP(CMP(CMP(CMP(S0~0-1,S1~0-1),CMP(S1~0-1,S2~0-1)),CMP(S0~0-1,S1~0-1)),CMP(CMP(CMP(S2~0-1,S4~0-1),S2~0-1),CMP(S0~0-1,S1~0-1)))",
            "rref": "CMP(CMP(CMP(S2~0-1,S4~0-1),S2~0-1),CMP(S0~0-1,S1~0-1))",
            "wgt": 0.5149,
            "occurs": 1,
            "lastspike": 16
        },
        {
            "fref": "CMP(CMP(CMP(S0~0-1,S1~0-1),CMP(S1~0-1,S2~0-1)),CMP(CMP(S2~0-1,S4~0-1),S2~0-1))",
            "rref": "CMP(CMP(S0~0-1,S1~0-1),CMP(S1~0-1,S2~0-1))",
            "wgt": 0.307,
            "occurs": 0,
            "lastspike": ""
        },
        {
            "fref": "CMP(CMP(CMP(S0~0-1,S1~0-1),CMP(S1~0-1,S2~0-1)),CMP(CMP(S2~0-1,S4~0-1),S2~0-1))",
            "rref": "CMP(CMP(S2~0-1,S4~0-1),S2~0-1)",
            "wgt": 0.307,
            "occurs": 0,
            "lastspike": ""
        },
        {
            "fref": "CMP(CMP(S2~0-1,S4~0-1),S3~0-1)",
            "rref": "CMP(S2~0-1,S4~0-1)",
            "wgt": 0.307,
            "occurs": 0,
            "lastspike": ""
        },
        {
            "fref": "CMP(CMP(S2~0-1,S4~0-1),S3~0-1)",
            "rref": "S3~0-1",
            "wgt": 0.307,
            "occurs": 0,
            "lastspike": ""
        },
        {
            "fref": "CMP(CMP(CMP(S2~0-1,S4~0-1),S2~0-1),CMP(S2~0-1,S4~0-1))",
            "rref": "CMP(CMP(S2~0-1,S4~0-1),S2~0-1)",
            "wgt": 0.01,
            "occurs": 0,
            "lastspike": ""
        },
        {
            "fref": "CMP(CMP(CMP(S2~0-1,S4~0-1),S2~0-1),CMP(S2~0-1,S4~0-1))",
            "rref": "CMP(S2~0-1,S4~0-1)",
            "wgt": 0.01,
            "occurs": 0,
            "lastspike": ""
        },
        {
            "fref": "CMP(CMP(CMP(CMP(S2~0-1,S4~0-1),S2~0-1),CMP(S0~0-1,S1~0-1)),CMP(CMP(S2~0-1,S4~0-1),S2~0-1))",
            "rref": "CMP(CMP(CMP(S2~0-1,S4~0-1),S2~0-1),CMP(S0~0-1,S1~0-1))",
            "wgt": 0.01,
            "occurs": 0,
            "lastspike": ""
        },
        {
            "fref": "CMP(CMP(CMP(CMP(S2~0-1,S4~0-1),S2~0-1),CMP(S0~0-1,S1~0-1)),CMP(CMP(S2~0-1,S4~0-1),S2~0-1))",
            "rref": "CMP(CMP(S2~0-1,S4~0-1),S2~0-1)",
            "wgt": 0.01,
            "occurs": 0,
            "lastspike": ""
        }
    ],
    "npruned": [],
    "spruned": [],
    "params": {
        "BindingCount": 2,
        "PropagationLevels": 4,
        "PruneInterval": 30,
        "PruningThreshold": 0.2,
        "BindingThreshold": 0.5,
        "DownPotentialFactor": 0.2,
        "FiringThreshold": 0.25,
        "ZeroingThreshold": 0.05,
        "DecayFactor": 0.8,
        "InitialPotential": 0.2,
        "ReinforcementRate": 0.3,
        "RefractoryPeriod": 7,
        "PostSpikeFactor": 1.0,
        "DefaultEncoderCeiling": 1024,
        "DefaultEncoderFloor": 0,
        "DefaultEncoderResolution": 2,
        "TraceLength": 60
    },
    "tick": 21
}